Scrip,Symbol,Scrip
ABB India Ltd.,ABB,ABB India Ltd.
Asian Paints Ltd.,ASIANPAINT,Asian Paints Ltd.
East India Hotels Ltd,EIHOTEL,East India Hotels Ltd
Glaxo (India) Ltd.,GLAXO,Glaxo (India) Ltd.
Mahindra & Mahindra Ltd.,M&M,Mahindra & Mahindra Ltd.
Nestle India Limited,NESTLEIND,Nestle India Limited
Chambal Fertilizers & Chemicals Ltd.,CHAMBLFERT,Chambal Fertilizers & Chemicals Ltd.
Hero Honda Motors Limited,HEROMOTOCO,Hero Honda Motors Limited
Apollo Tyres Ltd.,APOLLOTYRE,Apollo Tyres Ltd.
Indian Aluminium Co. Ltd.,INDAL,Indian Aluminium Co. Ltd.
Madras Refineries Ltd.,CHENNPETRO,Madras Refineries Ltd.
Nagarjuna Fertilizers & Chemicals Ltd.,NAGARFERT,Nagarjuna Fertilizers & Chemicals Ltd.
Mahanagar Telephone Nigam Ltd.,MTNL,Mahanagar Telephone Nigam Ltd.
Brooke Bond Lipton India Ltd.,BROOKBOND,Brooke Bond Lipton India Ltd.
Bharat Heavy Electricals Ltd.,BHEL,Bharat Heavy Electricals Ltd.
Hindustan Petroleum Corporation Ltd.,HINDPETRO,Hindustan Petroleum Corporation Ltd.
SCICI Ltd.,SCICI,SCICI Ltd.
Dr. Reddy's Laboratories Ltd.,DRREDDY,Dr. Reddy's Laboratories Ltd.
Bharat Petroleum Corporation Ltd.,BPCL,Bharat Petroleum Corporation Ltd.
Essar Gujarat Ltd.,ESSARGUJ,Essar Gujarat Ltd.
Bank of India,BANKINDIA,Bank of India
Cipla Ltd.,CIPLA,Cipla Ltd.
Infosys Technologies Limited,INFY,Infosys Technologies Limited
NIIT Ltd.,NIITLTD,NIIT Ltd.
Procter & Gamble India Ltd.,PGHH,Procter & Gamble India Ltd.
Smithkline Beecham Consumer Healthcare Ltd.,GSKCONS,Smithkline Beecham Consumer Healthcare Ltd.
Thermax Ltd.,THERMAX,Thermax Ltd.
Andhra Valley Power Supply Co. Ltd.,ANDRAVALLY,Andhra Valley Power Supply Co. Ltd.
Ashok Leyland Ltd.,ASHOKLEY,Ashok Leyland Ltd.
Indo Gulf Corporation Ltd.,INDOGULF,Indo Gulf Corporation Ltd.
Mangalore Refinery & Petrochemicals Ltd.,MRPL,Mangalore Refinery & Petrochemicals Ltd.
Ponds (India) Ltd.,PONDS,Ponds (India) Ltd.
Novartis India Ltd,NOVARTIND,Novartis India Ltd
Reckitt & Colman India Ltd.,RECKCOLMAN,Reckitt & Colman India Ltd.
Arvind Mills Ltd,ARVIND,Arvind Mills Ltd
Great Eastern Shipping Company Limited.,GESHIP,Great Eastern Shipping Company Limited.
Reliance Capital Ltd.,RELCAPITAL,Reliance Capital Ltd.
Britannia Industries Ltd.,BRITANNIA,Britannia Industries Ltd.
Satyam Computer Services Ltd.,SATYAMCOMP,Satyam Computer Services Ltd.
Industrial Finance Corporation Of India Ltd.,IFCI,Industrial Finance Corporation Of India Ltd.
Indian Rayon & Industries Ltd.,ABIRLANUVO,Indian Rayon & Industries Ltd.
Dabur India Ltd.,DABUR,Dabur India Ltd.
TVS Suzuki Ltd.,TVSSUZUKI,TVS Suzuki Ltd.
HCL Infosystems Ltd.,HCL-INSYS,HCL Infosystems Ltd.
Zee Telefilms Ltd,ZEEL,Zee Telefilms Ltd
EIH Ltd.,EIHOTEL,EIH Ltd.
Industrial Development Bank of India Limited,IDBI,Industrial Development Bank of India Limited
Digital Equipment (india) Ltd.,DIGITALEQP,Digital Equipment (india) Ltd.
Sun Pharmaceutical Industries Ltd.,SUNPHARMA,Sun Pharmaceutical Industries Ltd.
Wipro Ltd.,WIPRO,Wipro Ltd.
Kochi Refineries Ltd.,COCHINREFN,Kochi Refineries Ltd.
ICICI Bank Ltd.,ICICIBANK,ICICI Bank Ltd.
Reckitt Benckiser (India) Ltd,RECKCOLMAN,Reckitt Benckiser (India) Ltd
Videsh Sanchar Nigam Ltd.,TATACOMM,Videsh Sanchar Nigam Ltd.
ICICI Ltd.,ICICI,ICICI Ltd.
Shipping Corporation of India Ltd.,SCI,Shipping Corporation of India Ltd.
Reliance Petroleum Ltd.,RELPETRO,Reliance Petroleum Ltd.
HCL Technologies Ltd.,HCLTECH,HCL Technologies Ltd.
Gas Authority of India Limited,GAIL,Gas Authority of India Limited
National Aluminium Co. Ltd.,NATIONALUM,National Aluminium Co. Ltd.
Novartis India Ltd.,NOVARTIND,Novartis India Ltd.
Castrol (India) Ltd.,CASTROL,Castrol (India) Ltd.
Steel Authority of India Ltd.,SAIL,Steel Authority of India Ltd.
Bharti Tele-Ventures Ltd.,BHARTIARTL,Bharti Tele-Ventures Ltd.
Maruti Udyog Limited,MARUTI,Maruti Udyog Limited
GlaxoSmithkline Consumer Healthcare Ltd.,GSKCONS,GlaxoSmithkline Consumer Healthcare Ltd.
Oil & Natural Gas Corporation Ltd.,ONGC,Oil & Natural Gas Corporation Ltd.
Digital Globalsoft Ltd.,DIGITALEQP,Digital Globalsoft Ltd.
Punjab National Bank,PNB,Punjab National Bank
Larsen & Toubro Ltd.,LT,Larsen & Toubro Ltd.
Tata Consultancy Services Ltd.,TCS,Tata Consultancy Services Ltd.
Indian Hotels Co. Ltd.,INDHOTEL,Indian Hotels Co. Ltd.
Jet Airways (India) Ltd.,JETAIRWAYS,Jet Airways (India) Ltd.
Colgate Palmolive (I) Ltd,COLGATE,Colgate Palmolive (I) Ltd
Suzlon Energy Ltd.,SUZLON,Suzlon Energy Ltd.
Siemens Ltd.,SIEMENS,Siemens Ltd.
Tata Chemicals Ltd.,TATACHEM,Tata Chemicals Ltd.
Reliance Communications Ltd.,RCOM,Reliance Communications Ltd.
Tata Tea Limited,TATACONSUM,Tata Tea Limited
Sterlite Industries (India) Ltd.,STER,Sterlite Industries (India) Ltd.
Oriental Bank of Commerce,ORIENTBANK,Oriental Bank of Commerce
NTPC Ltd.,NTPC,NTPC Ltd.
Unitech Ltd.,UNITECH,Unitech Ltd.
Indian Petrochemicals Corporation Ltd.,IPCL,Indian Petrochemicals Corporation Ltd.
Idea Cellular Ltd.,IDEA,Idea Cellular Ltd.
Cairn India Ltd.,CAIRN,Cairn India Ltd.
DLF Ltd.,DLF,DLF Ltd.
Power Grid Corporation of India Ltd.,POWERGRID,Power Grid Corporation of India Ltd.
Glaxosmithkline Pharmaceuticals Ltd.,GLAXO,Glaxosmithkline Pharmaceuticals Ltd.
Bajaj Auto Ltd,BAJAJ-AUTO,Bajaj Auto Ltd
Reliance Power Ltd.,RPOWER,Reliance Power Ltd.
Axis Bank Ltd.,AXISBANK,Axis Bank Ltd.
Zee Entertainment Enterprises Ltd.,ZEEL,Zee Entertainment Enterprises Ltd.
Jindal Steel & Power Ltd.,JINDALSTEL,Jindal Steel & Power Ltd.
Jaiprakash Associates Ltd.,JPASSOCIAT,Jaiprakash Associates Ltd.
Infrastructure Development Finance Company Limited,IDFC,Infrastructure Development Finance Company Limited
Tata Communications Ltd.,TATACOMM,Tata Communications Ltd.
Kotak Mahindra Bank Ltd.,KOTAKBANK,Kotak Mahindra Bank Ltd.
Grasim Industries Ltd.,GRASIM,Grasim Industries Ltd.
Sesa Goa Limited,VEDL,Sesa Goa Limited
Bajaj Auto Ltd.,BAJAJ-AUTO,Bajaj Auto Ltd.
Coal India Ltd.,COALINDIA,Coal India Ltd.
Bank of Baroda,BANKBARODA,Bank of Baroda
Lupin Ltd.,LUPIN,Lupin Ltd.
UltraTech Cement Ltd.,ULTRACEMCO,UltraTech Cement Ltd.
IndusInd Bank Ltd.,INDUSINDBK,IndusInd Bank Ltd.
NMDC Ltd.,NMDC,NMDC Ltd.
Reliance Infrastructure Ltd.,RELINFRA,Reliance Infrastructure Ltd.
Ranbaxy Laboratories Ltd.,RANBAXY,Ranbaxy Laboratories Ltd.
Tech Mahindra Ltd.,TECHM,Tech Mahindra Ltd.
United Spirits Ltd.,MCDOWELL-N,United Spirits Ltd.
Yes Bank Ltd.,YESBANK,Yes Bank Ltd.
IDFC Ltd,IDFC,IDFC Ltd
Bosch Ltd.,BOSCHLTD,Bosch Ltd.
Adani Ports and Special Economic Zone Ltd.,ADANIPORTS,Adani Ports and Special Economic Zone Ltd.
Vedanta Ltd.,VEDL,Vedanta Ltd.
Aurobindo Pharma Ltd.,AUROPHARMA,Aurobindo Pharma Ltd.
Bharti Infratel Ltd.,INFRATEL,Bharti Infratel Ltd.
Eicher Motors Ltd.,EICHERMOT,Eicher Motors Ltd.
Tata Motors Ltd DVR,TATAMTRDVR,Tata Motors Ltd DVR
Indiabulls Housing Finance Ltd.,IBULHSGFIN,Indiabulls Housing Finance Ltd.
Indian Oil Corporation Ltd.,IOC,Indian Oil Corporation Ltd.
ACC Ltd.,ACC,ACC Ltd.
Tata Power Co. Ltd.,TATAPOWER,Tata Power Co. Ltd.
Bajaj Finance Ltd.,BAJFINANCE,Bajaj Finance Ltd.
UPL Ltd.,UPL,UPL Ltd.
Ambuja Cements Ltd.,AMBUJACEM,Ambuja Cements Ltd.
Bajaj Finserv Ltd.,BAJAJFINSV,Bajaj Finserv Ltd.
Titan Company Ltd.,TITAN,Titan Company Ltd.
JSW Steel Ltd.,JSWSTEEL,JSW Steel Ltd.
Nestle India Ltd.,NESTLEIND,Nestle India Ltd.
Shree Cement Ltd.,SHREECEM,Shree Cement Ltd.
HCL Infosystems Ltd,HCL-INSYS,HCL Infosystems Ltd
Himachal Futuristic Communications Ltd,HFCL,Himachal Futuristic Communications Ltd
Digital Equipment (India) Ltd. - Computers - Software,DIGITALEQP,Digital Equipment (India) Ltd. - Computers - Software
 Asian Hotels Ltd. - Hotels,ASIANHOTEL, Asian Hotels Ltd. - Hotels
India Cements Ltd. - Cement & Cement Products,INDIACEM,India Cements Ltd. - Cement & Cement Products
Finolex Cables Ltd. - Cables - Telecom,FINCABLES,Finolex Cables Ltd. - Cables - Telecom
Sterlite Industries (India) Ltd,STERLITE,Sterlite Industries (India) Ltd
Lupin Laboratories Ltd,LUPINLAB,Lupin Laboratories Ltd
Hughes Software Ltd. ,FSS,Hughes Software Ltd. 
Smithkline Beecham Pharmaceuticals Ltd.,SMITHKLPHA,Smithkline Beecham Pharmaceuticals Ltd.
Indo Gulf Corporation Ltd,INDOGULF,Indo Gulf Corporation Ltd
ITC Hotel Ltd.,ITCHOTEL,ITC Hotel Ltd.
Burroughs Welcome (India) Ltd.,BURRWELCOM,Burroughs Welcome (India) Ltd.
GTL Ltd (Global Telesytems Ltd),GTL,GTL Ltd (Global Telesytems Ltd)
Morepen Laboratories Ltd.,MOREPENLAB,Morepen Laboratories Ltd.
ICICI Bank Ltd,ICICIBANK,ICICI Bank Ltd
Aptech Ltd.,APTECHT,Aptech Ltd.
Moser Baer India Ltd.,MOSERBAER,Moser Baer India Ltd.
Polaris Software Lab Ltd.,POLARIS,Polaris Software Lab Ltd.
Philips India Ltd.,PHILIPS,Philips India Ltd.
Cadbury India Ltd.,CADBURY,Cadbury India Ltd.
Bata India Ltd.,BATAINDIA,Bata India Ltd.
Wartsila India Ltd.,WARTSILA,Wartsila India Ltd.
Bombay Dyeing & Mnfg Co. Ltd.,BOMDYEING,Bombay Dyeing & Mnfg Co. Ltd.
United Phosphorous Ltd.,UNITEDPHOS,United Phosphorous Ltd.
SPIC Ltd.,SPIC,SPIC Ltd.
Nagarjuna Fertilisers & Chemicals Ltd.,NAGARFERT,Nagarjuna Fertilisers & Chemicals Ltd.
CMC Ltd.,CMC,CMC Ltd.
Bharat Electronics Ltd.,BEL,Bharat Electronics Ltd.
Wockhardt Ltd.,WOCKPHARMA,Wockhardt Ltd.
Cummins India Ltd.,CUMMINSIND,Cummins India Ltd.
Aventis Pharma Ltd.,SANOFI,Aventis Pharma Ltd.
Hindustan Zinc Ltd.,HINDZINC,Hindustan Zinc Ltd.
Container Corporation of India Ltd.,CONCOR,Container Corporation of India Ltd.
Kotak Mahindra Finance Ltd.,KOTAKBANK,Kotak Mahindra Finance Ltd.
I-Flex Sloution Ltd.,OFSS,I-Flex Sloution Ltd.
Asian Paints India Ltd.,ASIANPAINT,Asian Paints India Ltd.
Punjab National Bank Ltd.,PNB,Punjab National Bank Ltd.
Industrial Development Bank,IDBI,Industrial Development Bank
Abbott India Ltd.,ABBOTINDIA,Abbott India Ltd.
Carrier Aircon Ltd.,CARRIERAIR,Carrier Aircon Ltd.
Tata Infotech Ltd.,TATAUNISYS,Tata Infotech Ltd.
TVS Motor Co Ltd.,TVSMOTOR,TVS Motor Co Ltd.
Silverline Technologies Ltd,SILVERLINE,Silverline Technologies Ltd
Mphasis BFL Ltd.,MPHASIS,Mphasis BFL Ltd.
Hughes Tele.com Ltd.,TTML,Hughes Tele.com Ltd.
Andhra Bank,ANDHRABANK,Andhra Bank
UTI Bank Ltd.,AXISBANK,UTI Bank Ltd.
Gillette India Ltd.,GILLETTE,Gillette India Ltd.
German Remedies Ltd.,GERMANREM,German Remedies Ltd.
Madras Cement Ltd,GERMANREM,Madras Cement Ltd
Orchid Chemicals & Pharmaceuticals Ltd.,ORCHIDPHAR,Orchid Chemicals & Pharmaceuticals Ltd.
Steel Authority of India Ltd,SAIL,Steel Authority of India Ltd
Global Trust Bank Ltd,GLOBLTRUST,Global Trust Bank Ltd
Pentamedia Graphic Ltd,PENTSFWARE,Pentamedia Graphic Ltd
Nirma Ltd.,NIRMA,Nirma Ltd.
Union Bank of India Ltd.,UNIONBANK,Union Bank of India Ltd.
ICI India Ltd.,AKZOINDIA,ICI India Ltd.
Himachal Futuristic Communication Ltd.,HIMACHLFUT,Himachal Futuristic Communication Ltd.
E.Merck (India) Ltd.,PGHL,E.Merck (India) Ltd.
GTL Ltd.,GTL,GTL Ltd.
Rolta India Ltd.,ROLTA,Rolta India Ltd.
India Cement Ltd.,INDIACEM,India Cement Ltd.
Escorts Ltd.,ESCORTS,Escorts Ltd.
Thomas Cook (India) Ltd.,THOMASCOOK,Thomas Cook (India) Ltd.
Finolex Cables Ltd.,FINCABLES,Finolex Cables Ltd.
Titan Industries Ltd.,TITAN,Titan Industries Ltd.
Canara Bank,CANBK,Canara Bank
Motor Industries Ltd.,BOSCHLTD,Motor Industries Ltd.
Bharat Forge Ltd.,BHARATFORG,Bharat Forge Ltd.
Cadila Healthcare Ltd.,CADILAHC,Cadila Healthcare Ltd.
IBP Co. Ltd.,IBP,IBP Co. Ltd.
Jindal Vijaynagar Steel Ltd.,JINDVIJSTL,Jindal Vijaynagar Steel Ltd.
Bongaigaon Refinery & Petrochemicals Ltd.,BONGAIREFN,Bongaigaon Refinery & Petrochemicals Ltd.
Indian Overseas Bank,IOB,Indian Overseas Bank
Syndicate Bank,SYNDIBANK,Syndicate Bank
Punjab & National Bank,PNB,Punjab & National Bank
Vijaya Bank,VIJAYABANK,Vijaya Bank
Motor Industries Co. Ltd.,BOSCHLTD,Motor Industries Co. Ltd.
Biocon Ltd.,BIOCON,Biocon Ltd.
Patni Computer Systems Ltd.,PATNI,Patni Computer Systems Ltd.
Jindal Vijayanagar Steel Ltd.,JINDVIJSTL,Jindal Vijayanagar Steel Ltd.
Flextronics Software Systems Ltd.,FSS,Flextronics Software Systems Ltd.
Infrastructure Development Finance Co. Ltd.,IDFC,Infrastructure Development Finance Co. Ltd.
Great Eastern Shipping Co. Ltd.,GESHIP,Great Eastern Shipping Co. Ltd.
GMR Infrastructure Ltd.,GMRINFRA,GMR Infrastructure Ltd.
Ingersoll Rand (India) Ltd.,INGERRAND,Ingersoll Rand (India) Ltd.
Aditya Birla Nuvo Ltd.,ABIRLANUVO,Aditya Birla Nuvo Ltd.
Power Finance Corporation Ltd.,PFC,Power Finance Corporation Ltd.
Piramal Healthcare Ltd.,PEL,Piramal Healthcare Ltd.
Punjab Tractors Ltd.,PUNJABTRAC,Punjab Tractors Ltd.
Reliance Natural Resources Ltd.,RNRL,Reliance Natural Resources Ltd.
TVS Motor Company Ltd.,TVSMOTOR,TVS Motor Company Ltd.
Pfizer Ltd.,PFIZER,Pfizer Ltd.
Housing Development and Infrastructure Ltd.,HDIL,Housing Development and Infrastructure Ltd.
Mundra Port and Special Economic Zone Ltd.,ADANIPORTS,Mundra Port and Special Economic Zone Ltd.
Glenmark Pharmaceuticals Ltd.,GLENMARK,Glenmark Pharmaceuticals Ltd.
ING Vysya Bank Ltd.,INGVYSYABK,ING Vysya Bank Ltd.
Sesa Goa Ltd.,VEDL,Sesa Goa Ltd.
Adani Enterprises Ltd.,ADANIENT,Adani Enterprises Ltd.
Chennai Petroleum Corporation Ltd.,CHENNPETRO,Chennai Petroleum Corporation Ltd.
Colgate Palmolive (India) Ltd.,COLPAL,Colgate Palmolive (India) Ltd.
Crompton Greaves Ltd.,CGPOWER,Crompton Greaves Ltd.
Federal Bank Ltd.,FEDERALBNK,Federal Bank Ltd.
Indiabulls Real Estate Ltd.,IBREALEST,Indiabulls Real Estate Ltd.
Raymond Ltd.,RAYMOND,Raymond Ltd.
United Phosphorus Ltd.,UPL,United Phosphorus Ltd.
Punj Lloyd Ltd.,PUNJLLOYD,Punj Lloyd Ltd.
Torrent Power Ltd.,TORNTPOWER,Torrent Power Ltd.
Rural Electrification Corporation Ltd.,RECLTD,Rural Electrification Corporation Ltd.
Shriram Transport Finance Co. Ltd.,SRTRANSFIN,Shriram Transport Finance Co. Ltd.
Tata Teleservices (Maharashtra) Ltd.,TTML,Tata Teleservices (Maharashtra) Ltd.
Exide Industries Ltd.,EXIDEIND,Exide Industries Ltd.
Corporation Bank,CORPBANK,Corporation Bank
Patni Computer Systems Ltd,PATNI,Patni Computer Systems Ltd
Divi's Laboratories Ltd.,DIVISLAB,Divi's Laboratories Ltd.
IFCI Ltd.,IFCI,IFCI Ltd.
Indian Overseas Bank ,IOB,Indian Overseas Bank 
Petronet LNG Ltd.,PETRONET,Petronet LNG Ltd.
Apollo Hospitals Enterprises Ltd.,APOLLOHOSP,Apollo Hospitals Enterprises Ltd.
Bajaj Holdings & Investment Ltd.,BAJAJHLDNG,Bajaj Holdings & Investment Ltd.
Godrej Consumer Products Ltd.,GODREJCP,Godrej Consumer Products Ltd.
Tata Global Beverages Ltd.,TATACONSUM,Tata Global Beverages Ltd.
United Breweries Ltd.,UBL,United Breweries Ltd.
Mahindra & Mahindra Financial Services Ltd.,M&MFIN,Mahindra & Mahindra Financial Services Ltd.
Oil India Ltd.,OIL,Oil India Ltd.
IDBI Bank Ltd.,IDBI,IDBI Bank Ltd.
Motherson Sumi Systems Ltd.,MOTHERSUMI,Motherson Sumi Systems Ltd.
MphasiS Ltd.,MPHASIS,MphasiS Ltd.
MRF Ltd.,MRF,MRF Ltd.
Union Bank of India,UNIONBANK,Union Bank of India
Marico Ltd.,MARICO,Marico Ltd.
Sundaram Finance Ltd.,SUNDARMFIN,Sundaram Finance Ltd.
Castrol India Ltd.,CASTROLIND,Castrol India Ltd.
Emami Ltd.,EMAMILTD,Emami Ltd.
NHPC Ltd.,NHPC,NHPC Ltd.
Pidilite Industries Ltd.,PIDILITIND,Pidilite Industries Ltd.
Procter & Gamble Hygiene & Health Care Ltd.,PGHH,Procter & Gamble Hygiene & Health Care Ltd.
Torrent Pharmaceuticals Ltd.,TORNTPHARM,Torrent Pharmaceuticals Ltd.
InterGlobe Aviation Ltd.,INDIGO,InterGlobe Aviation Ltd.
Piramal Enterprises Ltd.,PEL,Piramal Enterprises Ltd.
Havells India Ltd.,HAVELLS,Havells India Ltd.
ICICI Prudential Life Insurance Company Ltd.,ICICIPRULI,ICICI Prudential Life Insurance Company Ltd.
Sun TV Network Ltd.,SUNTV,Sun TV Network Ltd.
Avenue Supermarts Ltd.,DMART,Avenue Supermarts Ltd.
Aditya Birla Capital Ltd.,ABCAPITAL,Aditya Birla Capital Ltd.
General Insurance Corporation of India,GICRE,General Insurance Corporation of India
L&T Finance Holdings Ltd.,L&TFH,L&T Finance Holdings Ltd.
SBI Life Insurance Company Ltd.,SBILIFE,SBI Life Insurance Company Ltd.
Bandhan Bank Ltd.,BANDHANBNK,Bandhan Bank Ltd.
HDFC Standard Life Insurance Company Ltd.,HDFCLIFE,HDFC Standard Life Insurance Company Ltd.
ICICI Lombard General Insurance Company Ltd.,ICICIGI,ICICI Lombard General Insurance Company Ltd.
The New India Assurance Company Ltd.,NIACL,The New India Assurance Company Ltd.
LIC Housing Finance Ltd.,LICHSGFIN,LIC Housing Finance Ltd.
HDFC Asset Management Company Ltd.,HDFCAMC,HDFC Asset Management Company Ltd.
Page Industries Ltd.,PAGEIND,Page Industries Ltd.
Berger Paints India Ltd.,BERGEPAINT,Berger Paints India Ltd.
Adani Transmission Ltd.,ADANITRANS,Adani Transmission Ltd.
Carrier Aircon Ltd. ,CARRIERAIR,Carrier Aircon Ltd. 
Oracle Financial Services Software Ltd.,OFSS,Oracle Financial Services Software Ltd.
Tata Infotech Ltd.-Merged,TATAUNISYS,Tata Infotech Ltd.-Merged
Silverline Technologies Ltd. -Sus,SILVERLINE,Silverline Technologies Ltd. -Sus
GAIL (India) Ltd.,GAIL,GAIL (India) Ltd.
Madras Cements Ltd.,RAMCOCEM,Madras Cements Ltd.
Bharti Airtel Ltd.,BHARTIARTL,Bharti Airtel Ltd.
Global Trust Bank Ltd.,GLOBLTRUST,Global Trust Bank Ltd.
Pentamedia Graphics Ltd.,PENTSFWARE,Pentamedia Graphics Ltd.
Akzo Nobel India Ltd.,AKZOINDIA,Akzo Nobel India Ltd.
Himachal Futuristic Communications Ltd.,HFCL,Himachal Futuristic Communications Ltd.
India Cements Ltd.,INDIACEM,India Cements Ltd.
Maruti Suzuki India Ltd.,MARUTI,Maruti Suzuki India Ltd.
Merck Ltd.,PGHL,Merck Ltd.
NIIT Ltd.-Sus,NIIT,NIIT Ltd.-Sus
Larsen & Toubro Ltd.-Sus,L&T,Larsen & Toubro Ltd.-Sus
ABB Ltd.,ABB,ABB Ltd.
Idea Cellular Ltd,IDEA,Idea Cellular Ltd
IDFC Ltd.,IDFC,IDFC Ltd.
Jindal Saw Ltd.,JINDALSAW,Jindal Saw Ltd.
Bombay Rayon Fashions Ltd.,BRFL,Bombay Rayon Fashions Ltd.
CRISIL Ltd.,CRISIL,CRISIL Ltd.
Gujarat Fluorochemicals Ltd.,GFLLIMITED,Gujarat Fluorochemicals Ltd.
Gujarat Mineral Development Corporation Ltd.,GMDCLTD,Gujarat Mineral Development Corporation Ltd.
Gujarat NRE Coke Ltd.,GUJNRECOKE,Gujarat NRE Coke Ltd.
Gujarat State Fertilizers & Chemicals Ltd.,GSFC,Gujarat State Fertilizers & Chemicals Ltd.
Hexaware Technologies Ltd.,HEXAWARE,Hexaware Technologies Ltd.
Ipca Laboratories Ltd.,IPCALAB,Ipca Laboratories Ltd.
Karur Vysya Bank Ltd.,KARURVYSYA,Karur Vysya Bank Ltd.
Rallis India Ltd.,RALLIS,Rallis India Ltd.
Redington (India) Ltd.,REDINGTON,Redington (India) Ltd.
Rei Agro Ltd.,REIAGROLTD,Rei Agro Ltd.
SKS Microfinance Ltd.,BHARATFIN,SKS Microfinance Ltd.
BEML Ltd.,BEML,BEML Ltd.
Dena Bank,DENABANK,Dena Bank
Educomp Solutions Ltd.,EDUCOMP,Educomp Solutions Ltd.
Essar Oil Ltd.,ESSAROIL,Essar Oil Ltd.
Fortis Healthcare Ltd.,FORTIS,Fortis Healthcare Ltd.
Gitanjali Gems Ltd.,GITANJALI,Gitanjali Gems Ltd.
Godrej Industries Ltd.,GODREJIND,Godrej Industries Ltd.
Gujarat Gas Co. Ltd.,GUJRATGAS,Gujarat Gas Co. Ltd.
Hathway Cable & Datacom Ltd.,HATHWAY,Hathway Cable & Datacom Ltd.
Hindustan Construction Co. Ltd.,HCC,Hindustan Construction Co. Ltd.
Hindustan Oil Exploration Co. Ltd.,HINDOILEXP,Hindustan Oil Exploration Co. Ltd.
JSW ISPAT Steel Ltd.,JSWISPAT,JSW ISPAT Steel Ltd.
Jaiprakash Power Ventures Ltd.,JPPOWER,Jaiprakash Power Ventures Ltd.
Jammu & Kashmir Bank Ltd.,J&KBANK,Jammu & Kashmir Bank Ltd.
MindTree Ltd.,MINDTREE,MindTree Ltd.
NCC Ltd.,NCC,NCC Ltd.
Rajesh Exports Ltd.,RAJESHEXPO,Rajesh Exports Ltd.
Sobha Developers Ltd.,SOBHA,Sobha Developers Ltd.
Sterling Biotech Ltd,STERLINBIO,Sterling Biotech Ltd
Indiabulls Financial Services Ltd.,INDIABULLS,Indiabulls Financial Services Ltd.
Coromandel International Ltd.,COROMANDEL,Coromandel International Ltd.
Dish TV India Ltd.,DISHTV,Dish TV India Ltd.
Engineers India Ltd.,ENGINERSIN,Engineers India Ltd.
Ruchi Soya Industries Ltd.,RUCHISOYA,Ruchi Soya Industries Ltd.
Amara Raja Batteries Ltd.,AMARAJABAT,Amara Raja Batteries Ltd.
City Union Bank Ltd.,CUB,City Union Bank Ltd.
Shriram City Union Finance Ltd.,SHRIRAMCIT,Shriram City Union Finance Ltd.
TV18 Broadcast Ltd.,TV18BRDCST,TV18 Broadcast Ltd.
Future Retail Ltd.,FRETAIL,Future Retail Ltd.
Amtek Auto Ltd.,AMTEKAUTO,Amtek Auto Ltd.
CORE Education & Technologies Ltd.,COREEDUTEC,CORE Education & Technologies Ltd.
Dewan Housing Finance Corporation Ltd.,DHFL,Dewan Housing Finance Corporation Ltd.
GVK Power & Infrastructures Ltd.,GVKPIL,GVK Power & Infrastructures Ltd.
IVRCL Ltd.,IVRCLINFRA,IVRCL Ltd.
India Infoline Ltd.,IIFL,India Infoline Ltd.
Lanco Infratech Ltd.,LITL,Lanco Infratech Ltd.
MMTC Ltd.,MMTC,MMTC Ltd.
Oberoi Realty Ltd.,OBEROIRLTY,Oberoi Realty Ltd.
Welspun Corp Ltd.,WELCORP,Welspun Corp Ltd.
Supreme Industries Ltd.,SUPREMEIND,Supreme Industries Ltd.
AIA Engineering Ltd.,AIAENG,AIA Engineering Ltd.
Arvind Ltd.,ARVIND,Arvind Ltd.
Central Bank of India,CENTRALBK,Central Bank of India
Financial Technologies (India) Ltd.,63MOONS,Financial Technologies (India) Ltd.
Gujarat Pipavav Port Ltd.,GPPL,Gujarat Pipavav Port Ltd.
Info Edge (India) Ltd.,NAUKRI,Info Edge (India) Ltd.
Infotech Enterprises Ltd.,CYIENT,Infotech Enterprises Ltd.
Justdial Ltd.,JUSTDIAL,Justdial Ltd.
KPIT Technologies Ltd.,BSOFT,KPIT Technologies Ltd.
NIIT Technologies Ltd.,NIITTECH,NIIT Technologies Ltd.
Opto Circuits (I) Ltd.,OPTOCIRCUI,Opto Circuits (I) Ltd.
Orissa Min Dev Co Ltd.,ORISSAMINE,Orissa Min Dev Co Ltd.
Persistent Systems Ltd.,PERSISTENT,Persistent Systems Ltd.
Religare Enterprises Ltd.,RELIGARE,Religare Enterprises Ltd.
Sintex Industries Ltd.,SINTEX,Sintex Industries Ltd.
Trent Ltd.,TRENT,Trent Ltd.
Vakrangee Ltd.,VAKRANGEE,Vakrangee Ltd.
Videocon Industries Ltd.,VIDEOIND,Videocon Industries Ltd.
eClerx Services Ltd.,ECLERX,eClerx Services Ltd.
Adani Power Ltd.,ADANIPOWER,Adani Power Ltd.
Bhushan Steel Ltd.,TATASTLBSL,Bhushan Steel Ltd.
Cyient Ltd.,CYIENT,Cyient Ltd.
Shree Renuka Sugars Ltd.,RENUKA,Shree Renuka Sugars Ltd.
Alembic Pharmaceuticals Ltd.,APLLTD,Alembic Pharmaceuticals Ltd.
CARE Ltd.,CARERATING,CARE Ltd.
DCB Bank Ltd.,DCBBANK,DCB Bank Ltd.
Delta Corp Ltd.,DELTACORP,Delta Corp Ltd.
Edelweiss Financial Services Ltd.,EDELWEISS,Edelweiss Financial Services Ltd.
Kaveri Seed Company Ltd.,KSCL,Kaveri Seed Company Ltd.
Muthoot Finance Ltd.,MUTHOOTFIN,Muthoot Finance Ltd.
Prestige Estates Projects Ltd.,PRESTIGE,Prestige Estates Projects Ltd.
Repco Home Finance Ltd.,REPCOHOME,Repco Home Finance Ltd.
Va Tech Wabag Ltd.,WABAG,Va Tech Wabag Ltd.
Indian Bank,INDIANB,Indian Bank
The Ramco Cements Ltd.,RAMCOCEM,The Ramco Cements Ltd.
Cox & Kings Ltd.,COX&KINGS,Cox & Kings Ltd.
Gruh Finance Ltd.,GRUH,Gruh Finance Ltd.
JK Lakshmi Cement Ltd.,JKLAKSHMI,JK Lakshmi Cement Ltd.
Alstom T&D India Ltd.,GET&D,Alstom T&D India Ltd.
McLeod Russel India Ltd.,MCLEODRUSS,McLeod Russel India Ltd.
UCO Bank,UCOBANK,UCO Bank
Max India Ltd.,MAXINDIA,Max India Ltd.
Ajanta Pharmaceuticals Ltd.,AJANTPHARM,Ajanta Pharmaceuticals Ltd.
NATCO Pharma Ltd.,NATCOPHARM,NATCO Pharma Ltd.
PI Industries Ltd.,PIIND,PI Industries Ltd.
Sadbhav Engineering Ltd,SADBHAV,Sadbhav Engineering Ltd
SRF Ltd.,SRF,SRF Ltd.
Sun Pharma Advanced Research Company Ltd.,SPARC,Sun Pharma Advanced Research Company Ltd.
Kajaria Ceramics Ltd.,KAJARIACER,Kajaria Ceramics Ltd.
Balkrishna Industries Ltd.,BALKRISIND,Balkrishna Industries Ltd.
Gateway Distriparks Ltd.,GDL,Gateway Distriparks Ltd.
Jain Irrigation Systems Ltd.,JISLDVREQS,Jain Irrigation Systems Ltd.
Karnataka Bank Ltd.,KTKBANK,Karnataka Bank Ltd.
PTC India Ltd.,PTC,PTC India Ltd.
Reliance Defence and Engineering Ltd.,RNAVAL,Reliance Defence and Engineering Ltd.
Sadbhav Engineering Ltd.,SADBHAV,Sadbhav Engineering Ltd.
Sobha Ltd.,SOBHA,Sobha Ltd.
South Indian Bank Ltd.,SOUTHBANK,South Indian Bank Ltd.
Hindustan Copper Ltd.,HINDCOPPER,Hindustan Copper Ltd.
Inox Wind Ltd.,INOXWIND,Inox Wind Ltd.
Jubilant Life Sciences Ltd.,JUBILANT,Jubilant Life Sciences Ltd.
National Buildings Construction Corporation Ltd.,NBCC,National Buildings Construction Corporation Ltd.
PC Jeweller Ltd.,PCJEWELLER,PC Jeweller Ltd.
Syngene International Ltd.,SYNGENE,Syngene International Ltd.
Tata Elxsi Ltd.,TATAELXSI,Tata Elxsi Ltd.
TTK Prestige Ltd.,TTKPRESTIG,TTK Prestige Ltd.
Welspun India Ltd.,WELSPUNIND,Welspun India Ltd.
Aditya Birla Fashion and Retail Ltd.,ABFRL,Aditya Birla Fashion and Retail Ltd.
Alkem Laboratories Ltd.,ALKEM,Alkem Laboratories Ltd.
Allahabad Bank,ALBK,Allahabad Bank
Cholamandalam Investment and Finance Company Ltd.,CHOLAFIN,Cholamandalam Investment and Finance Company Ltd.
IDFC Bank Ltd.,IDFCFIRSTB,IDFC Bank Ltd.
Max Financial Services Ltd.,MFSL,Max Financial Services Ltd.
Crompton Greaves Consumer Electricals Ltd.,CROMPTON,Crompton Greaves Consumer Electricals Ltd.
RBL Bank Ltd.,RBLBANK,RBL Bank Ltd.
Dalmia Bharat Ltd.,DALMIABHA,Dalmia Bharat Ltd.
Dr. Lal Path Labs Ltd.,LALPATHLAB,Dr. Lal Path Labs Ltd.
Endurance Technologies Ltd.,ENDURANCE,Endurance Technologies Ltd.
L&T Technology Services Ltd.,LTTS,L&T Technology Services Ltd.
Manappuram Finance Ltd.,MANAPPURAM,Manappuram Finance Ltd.
Quess Corp Ltd.,QUESS,Quess Corp Ltd.
Mahanagar Gas Ltd.,MGL,Mahanagar Gas Ltd.
PNB Housing Finance Ltd.,PNBHOUSING,PNB Housing Finance Ltd.
Housing & Urban Development Corporation Ltd.,HUDCO,Housing & Urban Development Corporation Ltd.
CESC Ltd.,CESC,CESC Ltd.
Strides Shasun Ltd.,STAR,Strides Shasun Ltd.
AU Small Finance Bank Ltd.,AUBANK,AU Small Finance Bank Ltd.
V-Guard Industries Ltd.,VGUARD,V-Guard Industries Ltd.
Dilip Buildcon Ltd.,DBL,Dilip Buildcon Ltd.
Future Consumer Ltd.,FCONSUMER,Future Consumer Ltd.
Godrej Agrovet Ltd.,GODREJAGRO,Godrej Agrovet Ltd.
Indiabulls Ventures Ltd.,IBVENTURES,Indiabulls Ventures Ltd.
Sterlite Technologies Ltd.,STRTECH,Sterlite Technologies Ltd.
IRB Infrastructure Developers Ltd.,IRB,IRB Infrastructure Developers Ltd.
Avanti Feeds Ltd.,AVANTIFEED,Avanti Feeds Ltd.
Graphite India Ltd.,GRAPHITE,Graphite India Ltd.
H.E.G. Ltd.,HEG,H.E.G. Ltd.
Larsen & Toubro Infotech Ltd.,LTI,Larsen & Toubro Infotech Ltd.
Bharat Financial Inclusion Ltd.,BHARATFIN,Bharat Financial Inclusion Ltd.
Century Textile & Industries Ltd.,CENTURYTEX,Century Textile & Industries Ltd.
Bombay Burmah Trading Corporation Ltd.,BBTC,Bombay Burmah Trading Corporation Ltd.
Varroc Engineering Ltd.,VARROC,Varroc Engineering Ltd.
Godrej Properties Ltd.,GODREJPROP,Godrej Properties Ltd.
Reliance Nippon Life Asset Management Ltd.,NAM-INDIA,Reliance Nippon Life Asset Management Ltd.
Varun Beverages Ltd.,VBL,Varun Beverages Ltd.
Whirlpool of India Ltd.,WHIRLPOOL,Whirlpool of India Ltd.
Ispat Industries Ltd.,JSWISPAT,Ispat Industries Ltd.
Hinduja Ventures Ltd.,NXTDIGITAL,Hinduja Ventures Ltd.
Micro Inks Ltd.,MICRO,Micro Inks Ltd.
Aban Offshore Ltd.,ABAN,Aban Offshore Ltd.
Wyeth Ltd.,WYETH,Wyeth Ltd.
Monsanto India Ltd.,MONSANTO,Monsanto India Ltd.
Essar Steel Ltd.,ESTL,Essar Steel Ltd.
HT Media Ltd.,HTMEDIA,HT Media Ltd.
IVRCL Infrastructures & Projects Ltd.,IVRCLINFRA,IVRCL Infrastructures & Projects Ltd.
Deccan Chronicle Holdings Ltd.,DCHL,Deccan Chronicle Holdings Ltd.
Kirloskar Brothers Ltd.,KIRLOSBROS,Kirloskar Brothers Ltd.
Ballarpur Industries Ltd.,BALLARPUR,Ballarpur Industries Ltd.
Sundram Fasteners Ltd.,SUNDRMFAST,Sundram Fasteners Ltd.
Sundaram Clayton Ltd.,SUNCLAYLTD,Sundaram Clayton Ltd.
Omaxe Ltd.,OMAXE,Omaxe Ltd.
Parsvnath Developer Ltd.,PARSVNATH,Parsvnath Developer Ltd.
Centurion Bank of Punjab Ltd.,CENTBOP,Centurion Bank of Punjab Ltd.
Asahi India Glass Ltd.,ASAHIINDIA,Asahi India Glass Ltd.
Birla Corporation Ltd.,BIRLACORPN,Birla Corporation Ltd.
Alfa Laval (India) Ltd.,ALFALAVAL,Alfa Laval (India) Ltd.
Anant Raj Industries Ltd.,ANANTRAJ,Anant Raj Industries Ltd.
Ackruti City Ltd.,HUBTOWN,Ackruti City Ltd.
KSK Energy Ventures Ltd,KSK,KSK Energy Ventures Ltd
Hotel Leelaventure Ltd.,HLVLTD,Hotel Leelaventure Ltd.
Dredging Corporation of India Ltd.,DREDGECORP,Dredging Corporation of India Ltd.
Areva T&D India Ltd.,GET&D,Areva T&D India Ltd.
Matrix Laboratories Ltd.,MATRIXLABS,Matrix Laboratories Ltd.
Bombay Dyeing & Manufacturing Co. Ltd.,BOMDYEING,Bombay Dyeing & Manufacturing Co. Ltd.
Gammon India Ltd.,GAMMONIND,Gammon India Ltd.
Pantaloon Retail (India) Ltd.,FEL,Pantaloon Retail (India) Ltd.
HMT Ltd.,HMT,HMT Ltd.
Rashtriya Chemicals & Fertilizers Ltd.,RCF,Rashtriya Chemicals & Fertilizers Ltd.
Bank of Maharashtra,MAHABANK,Bank of Maharashtra
KSK Energy Ventures Ltd.,KSK,KSK Energy Ventures Ltd.
Voltas Ltd.,VOLTAS,Voltas Ltd.
Bajaj Hindusthan Ltd.,BAJAJHIND,Bajaj Hindusthan Ltd.
Balrampur Chini Mills Ltd.,BALRAMCHIN,Balrampur Chini Mills Ltd.
Jubilant Foodworks Ltd.,JUBLFOOD,Jubilant Foodworks Ltd.
Pipavav Defence and Offshore Engineering Company Ltd.,RNAVAL,Pipavav Defence and Offshore Engineering Company Ltd.
Alstom India Ltd.,GEPIL,Alstom India Ltd.
Gujarat State Petronet Ltd.,GSPL,Gujarat State Petronet Ltd.
Havell's India Ltd.,HAVELLS,Havell's India Ltd.
JSW Energy Ltd.,JSWENERGY,JSW Energy Ltd.
Strides Arcolab Ltd.,STAR,Strides Arcolab Ltd.
Ceat Ltd.,CEATLTD,Ceat Ltd.
Infibeam Incorporation Ltd.,INFIBEAM,Infibeam Incorporation Ltd.
CG Power and Industrial Solutions Ltd.,CGPOWER,CG Power and Industrial Solutions Ltd.
Kansai Nerolac Paints Ltd.,KANSAINER,Kansai Nerolac Paints Ltd.
Sanofi India Ltd.,SANOFI,Sanofi India Ltd.
NBCC (India) Ltd.,NBCC,NBCC (India) Ltd.
MOIL Ltd.,MOIL,MOIL Ltd.
Triveni Engineering & Industries Ltd.,TRIVENI,Triveni Engineering & Industries Ltd.
Essar Shipping Ports & Logistics Ltd.,ESSARPORTS,Essar Shipping Ports & Logistics Ltd.
Tata Coffee Ltd.,TATACOFFEE,Tata Coffee Ltd.
Kwality Dairy (India) Ltd.,KWALITY,Kwality Dairy (India) Ltd.
S.E. Investments Ltd.,PAISALO,S.E. Investments Ltd.
UTV Software Communication Ltd.,UTVSOF,UTV Software Communication Ltd.
Zuari Industries Ltd.,ZUARIGLOB,Zuari Industries Ltd.
Allied Digital Services Ltd.,ADSL,Allied Digital Services Ltd.
Dhanlaxmi Bank Ltd.,DHANBANK,Dhanlaxmi Bank Ltd.
Dishman Pharmaceuticals & Chemicals Ltd.,DPC02,Dishman Pharmaceuticals & Chemicals Ltd.
GTL Infrastructure Ltd.,GTLINFRA,GTL Infrastructure Ltd.
Orbit Corporation Ltd.,ORBITCORP,Orbit Corporation Ltd.
Spectacle Infotek Ltd.,SPECTACLE,Spectacle Infotek Ltd.
Texmaco Infrastructure & Holdings Ltd.,TEXINFRA,Texmaco Infrastructure & Holdings Ltd.
3i Infotech Ltd.,3IINFOTECH,3i Infotech Ltd.
Adhunik Metaliks Ltd.,ADHUNIK,Adhunik Metaliks Ltd.
AstraZenca Pharma India Ltd.,ASTRAZEN,AstraZenca Pharma India Ltd.
D B Realty Ltd.,DBREALTY,D B Realty Ltd.
Era Infra Engineering Ltd.,ERAINFRA,Era Infra Engineering Ltd.
Everonn Education Ltd.,EVERONN,Everonn Education Ltd.
Great Offshore Ltd.,GTOFFSHORE,Great Offshore Ltd.
Jai Balaji Industries Ltd.,JAIBALAJI,Jai Balaji Industries Ltd.
Jindal Poly Films Ltd.,JINDALPOLY,Jindal Poly Films Ltd.
K.S. Oils Ltd.,KSOILS,K.S. Oils Ltd.
MVL Ltd.,MVL,MVL Ltd.
Sujana Towers Ltd.,NTL,Sujana Towers Ltd.
United Breweries (Holdings) Ltd.,UBHOLDINGS,United Breweries (Holdings) Ltd.
Finolex Industries Ltd.,FINPIPE,Finolex Industries Ltd.
Geodesic Ltd.,GEODESIC,Geodesic Ltd.
Glodyne Technoserve Ltd.,GLODYNE,Glodyne Technoserve Ltd.
Hotel Leela Venture Ltd.,HLVLTD,Hotel Leela Venture Ltd.
Jindal SouthWest Hold Ltd.,JSWHL,Jindal SouthWest Hold Ltd.
Jyoti Structures Ltd.,JYOTISTRUC,Jyoti Structures Ltd.
Karuturi Global Ltd.,KGL,Karuturi Global Ltd.
Kemrock Industries and Exports Ltd.,KEMROCK,Kemrock Industries and Exports Ltd.
Mercator Ltd.,MERCATOR,Mercator Ltd.
OnMobile Global Ltd.,ONMOBILE,OnMobile Global Ltd.
Anant Raj Ltd.,ANANTRAJ,Anant Raj Ltd.
Den Networks Ltd.,DEN,Den Networks Ltd.
BF Utilities Ltd.,BFUTILITIE,BF Utilities Ltd.
Prakash Industries Ltd.,PRAKASH,Prakash Industries Ltd.
S. Kumars Nationwide Ltd.,SKUMARSYNF,S. Kumars Nationwide Ltd.
Tulip Telecom Ltd.,TULIP,Tulip Telecom Ltd.
UFLEX Ltd.,UFLEX,UFLEX Ltd.
BGR Energy Systems Ltd,BGRENERGY,BGR Energy Systems Ltd
JBF Industries Ltd.,JBFIND,JBF Industries Ltd.
Radico Khaitan Ltd,RADICO,Radico Khaitan Ltd
Reliance Industrial Infrastructure Ltd.,RIIL,Reliance Industrial Infrastructure Ltd.
Polaris Financial Technology Ltd.,POLARIS,Polaris Financial Technology Ltd.
Firstsource Solutions Ltd.,FSL,Firstsource Solutions Ltd.
Jaypee Infratech Ltd.,JPINFRATEC,Jaypee Infratech Ltd.
ABG Shipyard Ltd.,ABGSHIP,ABG Shipyard Ltd.
Gati Ltd.,GATI,Gati Ltd.
Himachal Fut Com Ltd.,HFCL,Himachal Fut Com Ltd.
JK Tyre & Industries Ltd.,JKTYRE,JK Tyre & Industries Ltd.
Marksans Pharma Ltd.,MARKSANS,Marksans Pharma Ltd.
PTC India Fin Serv Ltd.,PFS,PTC India Fin Serv Ltd.
Polaris Consulting & Services Ltd.,POLARIS,Polaris Consulting & Services Ltd.
RattanIndia Power Ltd.,RTNPOWER,RattanIndia Power Ltd.
Eros Intl Media Ltd.,EROSMEDIA,Eros Intl Media Ltd.
Kec International Ltd.,KEC,Kec International Ltd.
Suven Life Sciences Ltd.,SUVEN,Suven Life Sciences Ltd.
National Buildings Construction Corp. Ltd.,NBCC,National Buildings Construction Corp. Ltd.
State Bank of Travancore,SBT,State Bank of Travancore
Future Consumer Enterprise Ltd.,FCONSUMER,Future Consumer Enterprise Ltd.
GHCL Ltd.,GHCL,GHCL Ltd.
Godfrey Phillips India Ltd.,GODFRYPHLP,Godfrey Phillips India Ltd.
Granules India Ltd.,GRANULES,Granules India Ltd.
Intellect Design Arena Ltd.,INTELLECT,Intellect Design Arena Ltd.
Kitex Garments Ltd.,KITEX,Kitex Garments Ltd.
PVR Ltd.,PVR,PVR Ltd.
VRL Logistics Ltd.,VRLLOG,VRL Logistics Ltd.
Zensar Technolgies Ltd.,ZENSARTECH,Zensar Technolgies Ltd.
Alok Industries Ltd.,ALOKTEXT,Alok Industries Ltd.
Ashoka Buildcon Ltd.,ASHOKA,Ashoka Buildcon Ltd.
Astra Microwave Products Ltd.,ASTRAMICRO,Astra Microwave Products Ltd.
Capital First Ltd.,CAPF,Capital First Ltd.
Century Plyboards (India) Ltd.,CENTURYPLY,Century Plyboards (India) Ltd.
Himatsingka Seide Ltd.,HIMATSEIDE,Himatsingka Seide Ltd.
Indo Count Industries Ltd.,ICIL,Indo Count Industries Ltd.
KRBL Ltd.,KRBL,KRBL Ltd.
Ujjivan Financial Services Ltd.,UJJIVAN,Ujjivan Financial Services Ltd.
State Bank of Bikaner & Jaipur Ltd.,SBBJ,State Bank of Bikaner & Jaipur Ltd.
Advanced Enzyme Tech Ltd.,ADVENZYMES,Advanced Enzyme Tech Ltd.
Lakshmi Vilas Bank Ltd.,LAKSHVILAS,Lakshmi Vilas Bank Ltd.
Shoppers Stop Ltd.,SHOPERSTOP,Shoppers Stop Ltd.
Aegis Logistics Ltd.,AEGISCHEM,Aegis Logistics Ltd.
Gujarat Narmada Valley Fertilizers and Chemicals Ltd.,GNFC,Gujarat Narmada Valley Fertilizers and Chemicals Ltd.
JM Financial Ltd.,JMFINANCIL,JM Financial Ltd.
BSE Ltd.,BSE,BSE Ltd.
Future Lifestyle Fashions Ltd.,FLFL,Future Lifestyle Fashions Ltd.
GIC Housing Finance Ltd.,GICHSGFIN,GIC Housing Finance Ltd.
Laurus Labs Ltd.,LAURUSLABS,Laurus Labs Ltd.
PNC Infratech Ltd.,PNCINFRA,PNC Infratech Ltd.
Rain Industries Ltd,RAIN,Rain Industries Ltd
Tamil Nadu Newsprint & Papers Ltd.,TNPL,Tamil Nadu Newsprint & Papers Ltd.
Time Technoplast Ltd.,TIMETECHNO,Time Technoplast Ltd.
Trident Ltd.,TRIDENT,Trident Ltd.
Bajaj Hindusthan Sugar Ltd.,BAJAJHIND,Bajaj Hindusthan Sugar Ltd.
BASF India Ltd.,BASF,BASF India Ltd.
Deepak Fertilisers & Petrochemicals Corp. Ltd.,DEEPAKFERT,Deepak Fertilisers & Petrochemicals Corp. Ltd.
FDC Ltd.,FDC,FDC Ltd.
GE Power India Ltd.,GEPIL,GE Power India Ltd.
Greaves Cotton Ltd.,GREAVESCOT,Greaves Cotton Ltd.
IL&FS Transportation Networks Ltd.,IL&FSTRANS,IL&FS Transportation Networks Ltd.
Magma Fincorp Ltd.,MAGMA,Magma Fincorp Ltd.
Praj Industries Ltd.,PRAJIND,Praj Industries Ltd.
Prism Cement Ltd.,PRSMJOHNSN,Prism Cement Ltd.
SJVN Ltd.,SJVN,SJVN Ltd.
Zydus Wellness Ltd.,ZYDUSWELL,Zydus Wellness Ltd.
Atul Ltd.,ATUL,Atul Ltd.
Can Fin Homes Ltd.,CANFINHOME,Can Fin Homes Ltd.
CARE Ratings Ltd.,CARERATING,CARE Ratings Ltd.
Cochin Shipyard Ltd.,COCHINSHIP,Cochin Shipyard Ltd.
E.I.D. Parry (India) Ltd.,EIDPARRY,E.I.D. Parry (India) Ltd.
Equitas Holdings Ltd.,EQUITAS,Equitas Holdings Ltd.
Gujarat Alkalies & Chemicals Ltd.,GUJALKALI,Gujarat Alkalies & Chemicals Ltd.
Himadri Speciality Chemical Ltd.,HSCL,Himadri Speciality Chemical Ltd.
India Tourism Development Corporation Ltd.,ITDC,India Tourism Development Corporation Ltd.
ITI Ltd.,ITI,ITI Ltd.
Kalpataru Power Transmission Ltd.,KALPATPOWR,Kalpataru Power Transmission Ltd.
Lakshmi Machine Works Ltd.,LAXMIMACH,Lakshmi Machine Works Ltd.
Manpasand Beverages Ltd.,MANPASAND,Manpasand Beverages Ltd.
National Fertilizers Ltd.,NFL,National Fertilizers Ltd.
Rupa & Company Ltd.,RUPA,Rupa & Company Ltd.
S H Kelkar and Company Ltd.,SHK,S H Kelkar and Company Ltd.
Sintex Plastics Technology Ltd.,SPTL,Sintex Plastics Technology Ltd.
Swan Energy Ltd.,SWANENERGY,Swan Energy Ltd.
Timken India Ltd.,TIMKEN,Timken India Ltd.
Reliance Naval and Engineering Ltd.,RNAVAL,Reliance Naval and Engineering Ltd.
Galaxy Surfactants Ltd.,GALAXYSURF,Galaxy Surfactants Ltd.
Lemon Tree Hotels Ltd.,LEMONTREE,Lemon Tree Hotels Ltd.
Lux Industries Ltd.,LUXIND,Lux Industries Ltd.
Phillips Carbon Black Ltd.,PHILIPCARB,Phillips Carbon Black Ltd.
Shankara Building Products Ltd.,SHANKARA,Shankara Building Products Ltd.
Strides Pharma Science Ltd.,STAR,Strides Pharma Science Ltd.
Venky's (India) Ltd.,VENKEYS,Venky's (India) Ltd.
RITES Ltd.,RITES,RITES Ltd.
SREI Infrastructure Finance Ltd.,SREINFRA,SREI Infrastructure Finance Ltd.
CreditAccess Grameen Ltd.,CREDITACC,CreditAccess Grameen Ltd.
DCM Shriram Ltd.,DCMSHRIRAM,DCM Shriram Ltd.
Deepak Nitrite Ltd.,DEEPAKNTR,Deepak Nitrite Ltd.
IRCON International Ltd.,IRCON,IRCON International Ltd.
Linde India Ltd.,LINDEINDIA,Linde India Ltd.
Minda Industries Ltd.,MINDAIND,Minda Industries Ltd.
Sonata Software Ltd.,SONATSOFTW,Sonata Software Ltd.
Sunteck Realty Ltd.,SUNTECK,Sunteck Realty Ltd.
Blue Star Ltd.,BLUESTARCO,Blue Star Ltd.
Arvind Fashions Ltd.,ARVINDFASN,Arvind Fashions Ltd.
Aster DM Healthcare Ltd.,ASTERDM,Aster DM Healthcare Ltd.
Chalet Hotels Ltd.,CHALET,Chalet Hotels Ltd.
J.K. Cement Ltd.,JKCEMENT,J.K. Cement Ltd.
KEI Industries Ltd.,KEI,KEI Industries Ltd.
Metropolis Healthcare Ltd.,METROPOLIS,Metropolis Healthcare Ltd.
Multi Commodity Exchange of India Ltd.,MCX,Multi Commodity Exchange of India Ltd.
Polycab India Ltd.,POLYCAB,Polycab India Ltd.
Rail Vikas Nigam Ltd.,RVNL,Rail Vikas Nigam Ltd.
Indiamart Intermesh Ltd.,INDIAMART,Indiamart Intermesh Ltd.
Spandana Sphoorty Financial Ltd.,SPANDANA,Spandana Sphoorty Financial Ltd.
Spicejet Ltd.,SPICEJET,Spicejet Ltd.
20th Century Finance Corporation Ltd.,20THCENFIN,20th Century Finance Corporation Ltd.
3M India Ltd.,3MINDIA,3M India Ltd.
AGC Networks Ltd.,AGCNET,AGC Networks Ltd.
AP Paper Mills Ltd.,20THCENFIN,AP Paper Mills Ltd.
APR Ltd.,APRAYON,APR Ltd.
ATV Projects India Ltd.,ATVPROJ,ATV Projects India Ltd.
Ador Welding Ltd.,ADORWELD,Ador Welding Ltd.
Agro Tech Foods Ltd.,ATFL,Agro Tech Foods Ltd.
Ahmednagar Forgings Ltd.,METALFORGE,Ahmednagar Forgings Ltd.
Alembic Ltd.,ALEMBICLTD,Alembic Ltd.
Alpic Finance Ltd.,ALPICFIN,Alpic Finance Ltd.
Alpine Industries Ltd.,ALPINEIND,Alpine Industries Ltd.
Altos India Ltd.,ALTOS,Altos India Ltd.
Ambalal Sarabhai Enterprises Ltd.,AMBASARABH,Ambalal Sarabhai Enterprises Ltd.
Amrut Industries Ltd.,AMRUTIND,Amrut Industries Ltd.
Apple Credit Corporation Ltd.,APPLECREDT,Apple Credit Corporation Ltd.
Apple Finance Ltd.,APPLEIND,Apple Finance Ltd.
Aptech Ltd. (Erstwhile),APTECH,Aptech Ltd. (Erstwhile)
Arvind Polycot Ltd.,ARVINDPOLY,Arvind Polycot Ltd.
Ashok Leyland Finance Ltd.,ASHOKLEY,Ashok Leyland Finance Ltd.
Asian Coffee Ltd.,ASIANCOFFE,Asian Coffee Ltd.
Asian Electronics Ltd.,ASIANELEC,Asian Electronics Ltd.
Asian Hotels (North) Ltd.,ASIANHOTNR,Asian Hotels (North) Ltd.
Assam Company India Ltd.,ASSAMCO,Assam Company India Ltd.
Atcom Technologies Ltd.,ATCOM,Atcom Technologies Ltd.
Atlas Copco (India) Ltd.,ATLASCOPCO,Atlas Copco (India) Ltd.
Atlas Cycle (Haryana) Ltd.,ATLASCYCLE,Atlas Cycle (Haryana) Ltd.
Automotive Axles Ltd.,AUTOAXLES,Automotive Axles Ltd.
Autoriders Finance Ltd.,AUTORIDFIN,Autoriders Finance Ltd.
BIL Industries Ltd.,BHUPENIND,BIL Industries Ltd.
BPL Engineering Ltd.,BPLENGG,BPL Engineering Ltd.
BPL Ltd.,BPL,BPL Ltd.
Bajaj Tempo Ltd.,FORCEMOT,Bajaj Tempo Ltd.
Balaji Distilleries Ltd.,BALAJIDIST,Balaji Distilleries Ltd.
Bannari Amman Sugars Ltd.,BANARISUG,Bannari Amman Sugars Ltd.
Baroda Rayon Corporation Ltd.,BARODARAYN,Baroda Rayon Corporation Ltd.
Bayer Cropscience Ltd.,BAYERCROP,Bayer Cropscience Ltd.
Bell Ceramics Ltd.,BELCERAMIC,Bell Ceramics Ltd.
Bharat Bijlee Ltd.,BBL,Bharat Bijlee Ltd.
Bharti Telecom Ltd.-Suspended,BHARTITELE,Bharti Telecom Ltd.-Suspended
Binani Industries Ltd.,BINANIIND,Binani Industries Ltd.
Birla Global Finance Ltd.,BGFL,Birla Global Finance Ltd.
Birla Power Solutions Ltd.,BIRLAPOWER,Birla Power Solutions Ltd.
Blow Plast Ltd.,BLOWPLAST,Blow Plast Ltd.
Brabourne Enterprises Ltd.,BRABOURNE,Brabourne Enterprises Ltd.
Burroughs Wellcome (India) Ltd.,BURRWELCOM,Burroughs Wellcome (India) Ltd.
CFL Capital Financial Services Ltd.,CEATFIN,CFL Capital Financial Services Ltd.
Cable Corporation of India Ltd.,CCI,Cable Corporation of India Ltd.
Cabot India Ltd.,CABOTINDIA,Cabot India Ltd.
Caprihans India Ltd.,CAPRIHANS,Caprihans India Ltd.
Carborundum Universal Ltd.,CARBORUNIV,Carborundum Universal Ltd.
Centak Chemicals Ltd.,CENTAKCHEM,Centak Chemicals Ltd.
Century Enka Ltd.,CENTENKA,Century Enka Ltd.
Cheminor Drugs Ltd.,CHEMNODRUG,Cheminor Drugs Ltd.
Chemplast Sanmar Ltd.,CHEMPLAST,Chemplast Sanmar Ltd.
Chicago Pneumatic India Ltd.,CHICAGPNUM,Chicago Pneumatic India Ltd.
Chowgule Steamships Ltd.,CHOWGULSTM,Chowgule Steamships Ltd.
Clariant (India) Ltd.,CLNINDIA,Clariant (India) Ltd.
Clariant Chemicals (India) Ltd.,CLNINDIA,Clariant Chemicals (India) Ltd.
Core Healthcare Ltd.,COREPARENT,Core Healthcare Ltd.
Cosmo Films Ltd.,COSMOFILMS,Cosmo Films Ltd.
DCL Polyesters Ltd.,DCLPOLY,DCL Polyesters Ltd.
DCW Ltd.,DCW,DCW Ltd.
DIC India Ltd.,DICIND,DIC India Ltd.
Daewoo Motors India Ltd.,DCMDAEWOO,Daewoo Motors India Ltd.
Dalmia Bharat Sugar and Industries Ltd.,DALMIASUG,Dalmia Bharat Sugar and Industries Ltd.
Denso India Ltd.,DENSO,Denso India Ltd.
Dewan Rubber Industries Ltd.,DEWANRUB,Dewan Rubber Industries Ltd.
Dhampur Sugar Mills Ltd.,DHAMPURSUG,Dhampur Sugar Mills Ltd.
Dharamsi Morarji Chemical Co. Ltd.,DHARAMORAR,Dharamsi Morarji Chemical Co. Ltd.
Digjam Ltd.,DIGJAMLTD,Digjam Ltd.
ESAB India Ltd.,ESABINDIA,ESAB India Ltd.
Elecon Engineering Co. Ltd.,ELECON,Elecon Engineering Co. Ltd.
Electrex (India) Ltd.,ELECTRX,Electrex (India) Ltd.
Electrosteel Castings Ltd.,ELECTCAST,Electrosteel Castings Ltd.
Elgi Equipments Ltd.,ELGIEQUIP,Elgi Equipments Ltd.
Eskay K'n'IT (India) Ltd.,SHREEKRPET,Eskay K'n'IT (India) Ltd.
Essar Ports Ltd.,ESSARPORTS,Essar Ports Ltd.
Essel Propack Ltd.,ESSELPACK,Essel Propack Ltd.
Everest Industries Ltd.,EVERESTIND,Everest Industries Ltd.
Excel Industries Ltd.- Arrangement,EXCELIND,Excel Industries Ltd.- Arrangement
FGP Ltd.,FGPIND,FGP Ltd.
Fag Bearings India Ltd.,SCHAEFFLER,Fag Bearings India Ltd.
Federal-Mogul Goetze (India) Ltd.,FMGOETZE,Federal-Mogul Goetze (India) Ltd.
Flat Products Equipments (India) Ltd.,FLATPROD,Flat Products Equipments (India) Ltd.
Forbes Gokak Ltd.,FORBESGOK,Forbes Gokak Ltd.
Foseco India Ltd.,FOSECOIND,Foseco India Ltd.
Fulford (India) Ltd.,FULFORD,Fulford (India) Ltd.
GKN Driveshafts Ltd. -Delisted,INVELTRANS,GKN Driveshafts Ltd. -Delisted
GTN Industries Ltd.,GTNIND,GTN Industries Ltd.
Ganesh Benzoplast Ltd.,GANESHBENZ,Ganesh Benzoplast Ltd.
Garden Silk Mills Ltd.,GARDENSILK,Garden Silk Mills Ltd.
Garware Polyester Ltd.,GARWARPOLY,Garware Polyester Ltd.
Garware-Wall Ropes Ltd.,GARFIBRES,Garware-Wall Ropes Ltd.
Godavari Fertilisers & Chemicals Ltd.,GODAVRFERT,Godavari Fertilisers & Chemicals Ltd.
Godrej Industries Ltd.-Old,GODREJINDS,Godrej Industries Ltd.-Old
Golden Tobacco Ltd.,GOLDENTOBC,Golden Tobacco Ltd.
Good Value Marketing Co. Ltd.,GOODVALUE,Good Value Marketing Co. Ltd.
Goodricke Group Ltd.,GOODRICKE,Goodricke Group Ltd.
Goodyear India Ltd.,GOODYEAR,Goodyear India Ltd.
Grindwell Norton Ltd.,GRINDWELL,Grindwell Norton Ltd.
Gujarat Industries Power Co. Ltd.,GIPCL,Gujarat Industries Power Co. Ltd.
Gujarat Lease Financing Ltd.,GLFL,Gujarat Lease Financing Ltd.
HAMCO Mining & Smelting Ltd.,HINDALLOYS,HAMCO Mining & Smelting Ltd.
HDFC Bank Ltd.,HDFCBANK,HDFC Bank Ltd.
HIL Ltd.,HIL,HIL Ltd.
Harrisons Malayalam Ltd.,HARRMALAYA,Harrisons Malayalam Ltd.
HeidelbergCement India Ltd.,HEIDELBERG,HeidelbergCement India Ltd.
Herbertsons Ltd.,HERBETSON,Herbertsons Ltd.
Hero MotoCorp Ltd.,HEROMOTOCO,Hero MotoCorp Ltd.
Himachal Fut Com Ltd.- Old,HIMACHLFUT,Himachal Fut Com Ltd.- Old
Hind Lever Chemicals Ltd.,HINDLEVCHM,Hind Lever Chemicals Ltd.
Hind Syntex Ltd.,HINDSYNTEX,Hind Syntex Ltd.
Hindalco Industries Ltd.,HINDALCO,Hindalco Industries Ltd.
Hindustan Development Corporation Ltd.,HINDEVELOP,Hindustan Development Corporation Ltd.
Hindustan Motors Ltd.,HINDMOTORS,Hindustan Motors Ltd.
Hindustan Organic Chemicals Ltd.,HOCL,Hindustan Organic Chemicals Ltd.
Hindustan Powerplus Ltd.,HINPOWPLUS,Hindustan Powerplus Ltd.
Hindustan Unilever Ltd.,HINDUNILVR,Hindustan Unilever Ltd.
Hitech Drilling Services India Ltd.,HITECDRIL,Hitech Drilling Services India Ltd.
Hoganas India Ltd.- Sus,HOGANAS,Hoganas India Ltd.- Sus
Honda SIEL Power Products Ltd.,HONDAPOWER,Honda SIEL Power Products Ltd.
Honeywell Automation India Ltd.,HONAUT,Honeywell Automation India Ltd.
Housing Development Finance Corporation Ltd.,HDFC,Housing Development Finance Corporation Ltd.
I G Petrochemicals Ltd.,IGPL,I G Petrochemicals Ltd.
I T C Bhadrachalam Paper Boards Ltd.,ITCBHADRA,I T C Bhadrachalam Paper Boards Ltd.
I T C Ltd.,ITC,I T C Ltd.
IDI Ltd.,INDYESTUF,IDI Ltd.
IFB Industries Ltd.,IFBIND,IFB Industries Ltd.
IP Rings Ltd.,IPRINGS,IP Rings Ltd.
ISMT Ltd.,ISMTLTD,ISMT Ltd.
ITC Hotels Ltd.,ITCHOTEL,ITC Hotels Ltd.
ITD Cementation India Ltd.,ITDCEM,ITD Cementation India Ltd.
ITW Signode India Ltd.- Sus,ITWSIGNODE,ITW Signode India Ltd.- Sus
India Glycols Ltd.,INDIAGLYCO,India Glycols Ltd.
India Gypsum Ltd.,INDGYPSUM,India Gypsum Ltd.
India Securities Ltd.,INDIASEC,India Securities Ltd.
Indian Card Clothing Co. Ltd.,INDIANCARD,Indian Card Clothing Co. Ltd.
Indian Organic Chemicals Ltd.,INDIANORG,Indian Organic Chemicals Ltd.
Indo Rama Synthetics (India) Ltd. - Old,INDORAMSYN,Indo Rama Synthetics (India) Ltd. - Old
Industrial Oxygen Co. Ltd. -Sus,INDOXYGEN,Industrial Oxygen Co. Ltd. -Sus
Infomedia Press Ltd.,INFOMEDIA,Infomedia Press Ltd.
Infosys Ltd.,INFY,Infosys Ltd.
International Travel House Ltd.,INTLTRAVHS,International Travel House Ltd.
Ion Exchange (India) Ltd.,IONEXCHANG,Ion Exchange (India) Ltd.
Ispat Alloys Ltd.,ISPATALLOY,Ispat Alloys Ltd.
J.B. Chemicals & Pharmaceuticals Ltd.,JBCHEPHARM,J.B. Chemicals & Pharmaceuticals Ltd.
JCT Electronics Ltd.,JCTELEC,JCT Electronics Ltd.
JCT Ltd.,JCT,JCT Ltd.
JD Orgochem Ltd.,JDORGO,JD Orgochem Ltd.
JK Tyre & Industries Ltd..,JKTYRE,JK Tyre & Industries Ltd..
Jagatjit Industries Ltd. -Sus,JAGAJITIND,Jagatjit Industries Ltd. -Sus
Jain Irrigation Systems Ltd. (Old),JAINIRRIG,Jain Irrigation Systems Ltd. (Old)
Jaiprakash Industries Ltd.- Suspended,JPIND,Jaiprakash Industries Ltd.- Suspended
Jay Shree Tea & Industries Ltd.,JAYSREETEA,Jay Shree Tea & Industries Ltd.
Jindal Iron & Steel Co. Ltd.,JINDALIRON,Jindal Iron & Steel Co. Ltd.
Jindal Photo Ltd.,JINDALPHOT,Jindal Photo Ltd.
Jindal Strips Ltd.- Merged,JINDALSTRP,Jindal Strips Ltd.- Merged
KSB Pumps Ltd.,KSB,KSB Pumps Ltd.
Kalyani Steels Ltd.,KSL,Kalyani Steels Ltd.
Kerala Chemicals & Proteins Ltd.,KERALACHEM,Kerala Chemicals & Proteins Ltd.
Kesoram Industries Ltd.,KESORAMIND,Kesoram Industries Ltd.
Kinetic Engineering Ltd.,KINETICENG,Kinetic Engineering Ltd.
Kinetic Motor Co. Ltd.,KINETICMOT,Kinetic Motor Co. Ltd.
Kirloskar Industries Ltd.,KIRLOSIND,Kirloskar Industries Ltd.
Kitply Industries Ltd.,KITPLYIND,Kitply Industries Ltd.
Kodak India Ltd. - Delisted,INDIAPHOTO,Kodak India Ltd. - Delisted
Kopran Ltd.,KOPRAN,Kopran Ltd.
Krishna Filaments Ltd.,KRISNAFILA,Krishna Filaments Ltd.
Krishna Lifestyle Technologies Ltd.,SHREEKRPOL,Krishna Lifestyle Technologies Ltd.
LML Ltd.,LML,LML Ltd.
Lloyds Finance Ltd.,LLOYDFIN,Lloyds Finance Ltd.
Lloyds Metals & Engineers Ltd.,LLOYDMETAL,Lloyds Metals & Engineers Ltd.
Lok Housing & Constructions Ltd.,LOKHSG,Lok Housing & Constructions Ltd.
Lumax Industries Ltd.,LUMAXIND,Lumax Industries Ltd.
Lupin Chemicals Ltd.  (Erstwhile),LUPINCHEM,Lupin Chemicals Ltd.  (Erstwhile)
Lupin Laboratories Ltd.  (Erstwhile),LUPINLAB,Lupin Laboratories Ltd.  (Erstwhile)
Madura Coats Ltd.,MADURACOAT,Madura Coats Ltd.
Mafatlal Industries Ltd.,MAFATLAIND,Mafatlal Industries Ltd.
Maharashtra Scooters Ltd.,MAHSCOOTER,Maharashtra Scooters Ltd.
Maharashtra Seamless Ltd.,MAHSEAMLES,Maharashtra Seamless Ltd.
Mahindra Ugine Steel Co. Ltd.,MAHINDUGIN,Mahindra Ugine Steel Co. Ltd.
Mangalam Cement Ltd.,MANGLMCEM,Mangalam Cement Ltd.
Maral Overseas Ltd.,MARALOVER,Maral Overseas Ltd.
Mardia Chemicals Ltd.,MARDIACHEM,Mardia Chemicals Ltd.
Mastek Ltd.,MASTEK,Mastek Ltd.
McDowell & Co. Ltd. (Old),MCDOWELL,McDowell & Co. Ltd. (Old)
Merind Ltd.-Merged,MERIND,Merind Ltd.-Merged
Mirc Electronics Ltd.,MIRCELECTR,Mirc Electronics Ltd.
Modern Denim Ltd.,MODERNDENM,Modern Denim Ltd.
Modern Syntex (India) Ltd.,MODRNSYNTX,Modern Syntex (India) Ltd.
Modern Terry Towels Ltd.,MODERNWOOL,Modern Terry Towels Ltd.
Modern Threads (India) Ltd.,MODTHREAD,Modern Threads (India) Ltd.
Modi Rubber Ltd.,MODIRUBBER,Modi Rubber Ltd.
Modi Xerox Ltd.- Sus,MODIXEROX,Modi Xerox Ltd.- Sus
Modiluft Ltd.,SPICEJET,Modiluft Ltd.
Mukand Ltd.- Old,MUKAND,Mukand Ltd.- Old
Munjal Showa Ltd.,MUNJALSHOW,Munjal Showa Ltd.
NEPC Agro Foods Ltd.,NEPCAGRO,NEPC Agro Foods Ltd.
NEPC India Ltd,NEPCMICON,NEPC India Ltd
NOCIL Ltd.,NOCIL,NOCIL Ltd.
Nahar Industrial Enterprises Ltd.,NAHARINDUS,Nahar Industrial Enterprises Ltd.
Nahar Poly Films Ltd.,NAHARPOLY,Nahar Poly Films Ltd.
Nahar Spinning Mills Ltd.,NAHARSPING,Nahar Spinning Mills Ltd.
National Aluminium Co. Ltd. (Old),NALCO,National Aluminium Co. Ltd. (Old)
National Peroxide Ltd.,NATPEROXID,National Peroxide Ltd.
Navneet Education Ltd.,NAVNETEDUL,Navneet Education Ltd.
OTIS Elevator Company (India) Ltd.,OTIS,OTIS Elevator Company (India) Ltd.
Oil Country Tubular Ltd.,OILCOUNTUB,Oil Country Tubular Ltd.
Orient Paper & Industries Ltd.,ORIENTPPR,Orient Paper & Industries Ltd.
Oriental Hotels Ltd.,ORIENTHOT,Oriental Hotels Ltd.
Orkay Industries Ltd.,ORKAY,Orkay Industries Ltd.
Oswal Agro Mills Ltd.,OSWALAGRO,Oswal Agro Mills Ltd.
Oswal Chemicals & Fertilizers Ltd.,BINDALAGRO,Oswal Chemicals & Fertilizers Ltd.
Oudh Sugar Mills Ltd.,OUDHSUG,Oudh Sugar Mills Ltd.
PHIL Corporation Ltd.,PHILCORP,PHIL Corporation Ltd.
Parekh Platinum Ltd.,PAREKHPLAT,Parekh Platinum Ltd.
Parke-Davis (India) Ltd.,PARKEDAVIS,Parke-Davis (India) Ltd.
Patheja Forgings & Auto Parts Manufacturers Ltd.,PATHEJAFOR,Patheja Forgings & Auto Parts Manufacturers Ltd.
Peacock Industries Ltd.-old,PEACOCKIND,Peacock Industries Ltd.-old
Peninsula Land Ltd.,PENINLAND,Peninsula Land Ltd.
Phoenix International Ltd.,PHOENXINTL,Phoenix International Ltd.
Piramal Holdings Ltd.-Delisted,PIRAMHELTH,Piramal Holdings Ltd.-Delisted
Precision Fasteners Ltd.,PRECSNFAST,Precision Fasteners Ltd.
Premier Ltd.,PREMIER,Premier Ltd.
Prime Securities Ltd.,PRIMESECU,Prime Securities Ltd.
Pudumjee Pulp & Paper Mills Ltd.,AMJLAND,Pudumjee Pulp & Paper Mills Ltd.
Punjab Alkalies & Chemicals Ltd.,PUNALKALI,Punjab Alkalies & Chemicals Ltd.
Punjab Chemicals & Crop Protection Ltd.,PUNJABCHEM,Punjab Chemicals & Crop Protection Ltd.
Punjab Wireless Systems Ltd.,PUNJABWIRE,Punjab Wireless Systems Ltd.
RPG Cables Ltd.,RPGCABLES,RPG Cables Ltd.
RPG Transmission Ltd.,RPGTLTD,RPG Transmission Ltd.
RSWM Ltd.,RSWM,RSWM Ltd.
Raasi Cement Ltd.- Sus,RAASICEM,Raasi Cement Ltd.- Sus
Rajinder Steels Ltd.,RAJINSTEEL,Rajinder Steels Ltd.
Ravalgaon Sugar Farm Ltd.,RAVALSUGAR,Ravalgaon Sugar Farm Ltd.
Recron Synthetics Ltd.,RAYMONDSYN,Recron Synthetics Ltd.
Reliance Industries Ltd.,RELIANCE,Reliance Industries Ltd.
Rhone-Poulenc (India) Ltd.,RHONEPOULN,Rhone-Poulenc (India) Ltd.
Rico Auto Industries Ltd.,RICOAUTO,Rico Auto Industries Ltd.
Royal Cushion Vinyl Products Ltd.,ROYALCUSHN,Royal Cushion Vinyl Products Ltd.
SIV Industries Ltd.,SIVIND,SIV Industries Ltd.
SKF India Ltd.,SKFINDIA,SKF India Ltd.
SOL Pharmaceuticals Ltd.,SOLPHARMA,SOL Pharmaceuticals Ltd.
Sakthi Sugars Ltd.,SAKHTISUG,Sakthi Sugars Ltd.
Samtel Color Ltd.,SAMTEL,Samtel Color Ltd.
Sandvik Asia Ltd. - Delisted,SANDVIKAS,Sandvik Asia Ltd. - Delisted
Sanghi Polysters Ltd.,SANGHIPOLY,Sanghi Polysters Ltd.
Saurashtra Cement Ltd.,SAURASHCEM,Saurashtra Cement Ltd.
Schenectady Beck India Ltd.,DRBECK,Schenectady Beck India Ltd.
Sesa Sterlite Ltd.,VEDL,Sesa Sterlite Ltd.
Seshasayee Paper & Boards Ltd.,SESHAPAPER,Seshasayee Paper & Boards Ltd.
Shaw Wallace & Co. Ltd.-Sus,SHAWALLACE,Shaw Wallace & Co. Ltd.-Sus
Shrenuj & Co. Ltd.,SHRENUJ,Shrenuj & Co. Ltd.
Smithkline Beecham Pharmaceuticals (I) Ltd.-Merged,SMITHKLPHA,Smithkline Beecham Pharmaceuticals (I) Ltd.-Merged
Snowcem India Ltd.,SNOWCEMIND,Snowcem India Ltd.
Sona Koyo Steering Systems Ltd.,JTEKTINDIA,Sona Koyo Steering Systems Ltd.
Southern Petrochemicals Industries Corporation Ltd.,SPIC,Southern Petrochemicals Industries Corporation Ltd.
Sree Rayalaseema Alkalies & Allied Chemicals Ltd.,SREERAYALK,Sree Rayalaseema Alkalies & Allied Chemicals Ltd.
Standard Industries Ltd.- Delisted,STDIND,Standard Industries Ltd.- Delisted
State Bank of India,SBIN,State Bank of India
Sterling Holiday Resorts (India) Ltd.-Delisted,STERLINHOL,Sterling Holiday Resorts (India) Ltd.-Delisted
Sterlite Industries (India) Ltd (Erstwhile),STERLITE,Sterlite Industries (India) Ltd (Erstwhile)
Styrolution ABS (India) Ltd.,INEOSSTYRO,Styrolution ABS (India) Ltd.
Sudarshan Chemical Industries Ltd.,SUDARSCHEM,Sudarshan Chemical Industries Ltd.
Summit Securities Ltd.- Old,SUMMIT,Summit Securities Ltd.- Old
Sundaram Clayton Ltd.- OLD,SUNDRMCLAY,Sundaram Clayton Ltd.- OLD
Supreme Petrochem Ltd.,SUPPETRO,Supreme Petrochem Ltd.
Swaraj Engines Ltd.,SWARAJENG,Swaraj Engines Ltd.
Synthetics & Chemicals Ltd.,SYNTHCHEM,Synthetics & Chemicals Ltd.
TCI Industries Ltd.,TCIFINANCE,TCI Industries Ltd.
TVS Suzuki Ltd. (old),TVSSUZUKI,TVS Suzuki Ltd. (old)
Tamilnadu Petroproducts Ltd.,TNPETRO,Tamilnadu Petroproducts Ltd.
Tata Finance Ltd.,TATAFIN,Tata Finance Ltd.
Tata Hydro-Electric Power Supply Co. Ltd.,TATAHYDRO,Tata Hydro-Electric Power Supply Co. Ltd.
Tata Investment Corporation Ltd.,TATAINVEST,Tata Investment Corporation Ltd.
Tata Motors Ltd.,TATAMOTORS,Tata Motors Ltd.
Tata SSL Ltd.,SPECIALSTL,Tata SSL Ltd.
Tata Sponge Iron Ltd.,TATASTLLP,Tata Sponge Iron Ltd.
Tata Steel Ltd.,TATASTEEL,Tata Steel Ltd.
Textool Co. Ltd.- Merger,TEXTOOL,Textool Co. Ltd.- Merger
Thiru Arooran Sugars Ltd.,THIRUSUGAR,Thiru Arooran Sugars Ltd.
Timex Watches Ltd.,TIMEXWATCH,Timex Watches Ltd.
Torrent Power AEC Ltd.,TORRENTAEC,Torrent Power AEC Ltd.
Transpek Industry Ltd.,TRANSPEK,Transpek Industry Ltd.
Trigyn Technologies Ltd.,TRIGYN,Trigyn Technologies Ltd.
Triveni Engineering & Industries Ltd. (Old),TRIVENGIND,Triveni Engineering & Industries Ltd. (Old)
Tube Investments of India Ltd.,TUBEINVEST,Tube Investments of India Ltd.
UCAL Fuel Systems Ltd.,UCALFUEL,UCAL Fuel Systems Ltd.
United Breweries Ltd.-Old,UNITEDBREW,United Breweries Ltd.-Old
United Phosphorous Ltd. -Sus,UNITEDPHOS,United Phosphorous Ltd. -Sus
Usha (India) Ltd.,USHAINDIA,Usha (India) Ltd.
Usha Martin Ltd.,USHAMART,Usha Martin Ltd.
Uttam Galva Steels Ltd.,UTTAMSTL,Uttam Galva Steels Ltd.
Uttam Value Steels Ltd.,UVSL,Uttam Value Steels Ltd.
V.I.P. Industries Ltd.,VIPIND,V.I.P. Industries Ltd.
VLS Finance Ltd.,VLSFINANCE,VLS Finance Ltd.
VST Industries Ltd.,VSTIND,VST Industries Ltd.
Value Industries Ltd.,VALUEIND,Value Industries Ltd.
Vardhman Holdings Ltd.,VHL,Vardhman Holdings Ltd.
Vardhman Textiles Ltd.,VTL,Vardhman Textiles Ltd.
Varun Shipping Co. Ltd.,VARUNSHIP,Varun Shipping Co. Ltd.
Vesuvius India Ltd.,VESUVIUS,Vesuvius India Ltd.
Videocon International Ltd.,VDOCONINTL,Videocon International Ltd.
Vikas WSP Ltd.,VIKASWSP,Vikas WSP Ltd.
Vindhya Telelinks Ltd.,VINDHYATEL,Vindhya Telelinks Ltd.
Vinyl Chemicals (India) Ltd.,VINYLINDIA,Vinyl Chemicals (India) Ltd.
Viral Filaments Ltd.,VIRALFILA,Viral Filaments Ltd.
Warren Tea Ltd.,WARRENTEA,Warren Tea Ltd.
Western India Industries Ltd.,WESTINDIA,Western India Industries Ltd.
Widia (India) Ltd.,KENNAMET,Widia (India) Ltd.
Wimco Ltd.-Delisted,WIMCO,Wimco Ltd.-Delisted
Windsor Machines Ltd.,WINDMACHIN,Windsor Machines Ltd.
Winsome Diamonds and Jewellery Ltd.,WINSOMEDJ,Winsome Diamonds and Jewellery Ltd.
Wockhardt Ltd. (old),WOCKHARDT,Wockhardt Ltd. (old)
Woolworth (India) Ltd.,WOOLWORTH,Woolworth (India) Ltd.
Yokogawa Ltd.,YOKOGAWA,Yokogawa Ltd.
Zandu Realty Ltd.,ZANDUREALT,Zandu Realty Ltd.
Zuari Global Ltd.,ZUARIGLOB,Zuari Global Ltd.
Avery India Ltd.,AVERY,Avery India Ltd.
Chettinad Cement Corporation Ltd.,CHETTINAD,Chettinad Cement Corporation Ltd.
Eicher Ltd.,EICHERLTD,Eicher Ltd.
Eveready Industries India Ltd.,EVEREADY,Eveready Industries India Ltd.
Insilco Ltd. - Sus,INSILCO,Insilco Ltd. - Sus
Kohinoor Foods Ltd.,KOHINOOR,Kohinoor Foods Ltd.
Malwa Cotton Spinning Mills Ltd.,MALWACOTT,Malwa Cotton Spinning Mills Ltd.
Punjab Communications Ltd.,PUNJCOMMU,Punjab Communications Ltd.
Tourism Finance Corporation of India Ltd.,TFCILTD,Tourism Finance Corporation of India Ltd.
Vardhman Polytex Ltd.,VARDMNPOLY,Vardhman Polytex Ltd.
Ashima Ltd.,ASHIMASYN,Ashima Ltd.
PVP Ventures Ltd.,PVP,PVP Ventures Ltd.
Rayban Sun Optics India Ltd.,BAUSCHLOMB,Rayban Sun Optics India Ltd.
Sri Vishnu Cement Ltd.- Merged,SRIVISHCEM,Sri Vishnu Cement Ltd.- Merged
Subros Ltd.,SUBROS,Subros Ltd.
Vashisti Detergents Ltd.,TATAVASHIS,Vashisti Detergents Ltd.
e-Serve International Ltd.,E-SERVEINT,e-Serve International Ltd.
ADC India Communications Ltd.,KRONECOMM,ADC India Communications Ltd.
Archies Ltd.,ARCHIES,Archies Ltd.
Birla Ericsson Optical Ltd.,BIRLACABLE,Birla Ericsson Optical Ltd.
Blue Dart Express Ltd.,BLUEDART,Blue Dart Express Ltd.
Elgi Rubber Company Ltd.,ELGIRUBCO,Elgi Rubber Company Ltd.
Mirza International Ltd.,MIRZAINT,Mirza International Ltd.
Nilkamal Ltd.,NILKAMAL,Nilkamal Ltd.
Paper Products Ltd.,PAPERPROD,Paper Products Ltd.
Pentafour Products Ltd.,PENTFRPROD,Pentafour Products Ltd.
Punjab Anand Lamp Industries Ltd.,PUNANDLAMP,Punjab Anand Lamp Industries Ltd.
TVS Electronics Ltd. - Merge,TVSELEC,TVS Electronics Ltd. - Merge
Ciba Speciality Chemicals (India) Ltd.,CIBASPEC,Ciba Speciality Chemicals (India) Ltd.
DSQ Software Ltd.,SQRDSFWARE,DSQ Software Ltd.
Gulf Oil India Ltd.-Old,GULFOIL,Gulf Oil India Ltd.-Old
PSI Data Systems Ltd.,PSIDATASYS,PSI Data Systems Ltd.
Pharmacia Healthcare Ltd.,PHARMACIA,Pharmacia Healthcare Ltd.
Rain Calcining Ltd.,RAINCALCIN,Rain Calcining Ltd.
Unichem Laboratories Ltd.,UNICHEMLAB,Unichem Laboratories Ltd.
Bayer Cropscience India Ltd. -Erstwhile,BAYER,Bayer Cropscience India Ltd. -Erstwhile
Krebs Biochemicals Ltd.,KREBSBIO,Krebs Biochemicals Ltd.
Shasun Pharmaceuticals Ltd.,SHASUNPHAR,Shasun Pharmaceuticals Ltd.
Saregama India Ltd,SAREGAMA,Saregama India Ltd
Crest Animation Studios Ltd.,CRESTANI,Crest Animation Studios Ltd.
Reliance Petroleum Ltd.- Merge,RELPETRO,Reliance Petroleum Ltd.- Merge
Sri Adhikari Brothers Television Network Ltd.,SABTN,Sri Adhikari Brothers Television Network Ltd.
Visualsoft Technologies Ltd.,VISUALSOFT,Visualsoft Technologies Ltd.
Cybertech Systems & Software Ltd.,CYBERTECH,Cybertech Systems & Software Ltd.
IDBI Bank Ltd.-OLD,IDBIBANK,IDBI Bank Ltd.-OLD
Maars Software International Ltd.,MAARSOFTW,Maars Software International Ltd.
Ramco Industries Ltd.,RAMCOIND,Ramco Industries Ltd.
Salora International Ltd.,SALORAINTL,Salora International Ltd.
Shyam Telecom Ltd.,SHYAMTEL,Shyam Telecom Ltd.
Jain Studios Ltd.,JAINSTUDIO,Jain Studios Ltd.
Origin Agrostar Ltd.,SQUAREDBIO,Origin Agrostar Ltd.
Roofit Industries Ltd.,ROOFITIND,Roofit Industries Ltd.
Orient Information Technologies Ltd.,ORIENTINFO,Orient Information Technologies Ltd.
Pentasoft Technologies Ltd.,PENTACOMMU,Pentasoft Technologies Ltd.
SEAMEC Ltd.,SEAMECLTD,SEAMEC Ltd.
Sandesh Ltd.,SANDESH,Sandesh Ltd.
Panacea Biotec Ltd.,PANACEABIO,Panacea Biotec Ltd.
R. S. Software (India) Ltd.,RSSOFTWARE,R. S. Software (India) Ltd.
Accelya Kale Solutions Ltd.,ACCELYA,Accelya Kale Solutions Ltd.
Carol Info Services Ltd.,CAROLINFO,Carol Info Services Ltd.
Ramco Systems Ltd.,RAMCOSYS,Ramco Systems Ltd.
Sterlite Industries (India) Ltd. -Sus,STERLITIND,Sterlite Industries (India) Ltd. -Sus
Television Eighteen India Ltd.,TV18,Television Eighteen India Ltd.
Padmini Technologies Ltd.,PADMINPOLY,Padmini Technologies Ltd.
Aksh Optifibre Ltd.,AKSHOPTFBR,Aksh Optifibre Ltd.
Bank of Punjab Ltd.,BANKPUNJAB,Bank of Punjab Ltd.
Centurion Bank Ltd.,CENTURION,Centurion Bank Ltd.
Cinevista Ltd.,CINEVISTA,Cinevista Ltd.
FCL Technologies & Products Ltd.,FLEXCHEM,FCL Technologies & Products Ltd.
Shree Rama Multi Tech Ltd.,SHREERAMA,Shree Rama Multi Tech Ltd.
iGate Global Solutions Ltd.,IGS,iGate Global Solutions Ltd.
Aztecsoft Ltd.,AZTECSOFT,Aztecsoft Ltd.
Balaji Telefilms Ltd.,BALAJITELE,Balaji Telefilms Ltd.
Henkel SPIC India Ltd.,SPICFINE,Henkel SPIC India Ltd.
Mahindra Lifespace Developers Ltd.,MAHLIFE,Mahindra Lifespace Developers Ltd.
Mukta Arts Ltd,MUKTAARTS,Mukta Arts Ltd
Neyveli Lignite Corporation Ltd.,NLCINDIA,Neyveli Lignite Corporation Ltd.
Soundcraft Industries Ltd.,SOUNDCRAFT,Soundcraft Industries Ltd.
Tips Industries Ltd.,TIPSINDLTD,Tips Industries Ltd.
DCM Shriram Consolidated Ltd.,DCMSHRIRAM,DCM Shriram Consolidated Ltd.
Sun Earth Ceramics Ltd.,SUNEARTH,Sun Earth Ceramics Ltd.
Aftek Ltd.,AFTEK,Aftek Ltd.
Bank of Rajasthan Ltd.,BANKRAJAS,Bank of Rajasthan Ltd.
Creative Eye Ltd.,CREATIVEYE,Creative Eye Ltd.
Geometric Ltd.,GEOMETRIC,Geometric Ltd.
Infar (India) Ltd.,INFARINDIA,Infar (India) Ltd.
Information Technologies India Ltd.,ITIL,Information Technologies India Ltd.
Kothari Products Ltd.,KOTHARIPRO,Kothari Products Ltd.
PNB Gilts Ltd.,PNBGILTS,PNB Gilts Ltd.
Reliance MediaWorks Ltd.,RELMEDIA,Reliance MediaWorks Ltd.
Vision Organics Ltd,VISIONLTD,Vision Organics Ltd
Williamson Tea Assam Ltd.,GEORGWILIM,Williamson Tea Assam Ltd.
Blue Star Infotech Ltd.,BLUESTINFO,Blue Star Infotech Ltd.
FCI OEN Connectors Ltd.,OENCONNECT,FCI OEN Connectors Ltd.
GSL Nova Petrochemicals Ltd.,GSLNOVA,GSL Nova Petrochemicals Ltd.
Indraprastha Medical Corporation Ltd.,INDRAMEDCO,Indraprastha Medical Corporation Ltd.
Jagsonpal Pharmaceuticals Ltd.,JAGSNPHARM,Jagsonpal Pharmaceuticals Ltd.
Lakshmi Auto Components Ltd.- Delisted,LAKSHAUTO,Lakshmi Auto Components Ltd.- Delisted
Next Mediaworks Ltd.,NEXTMEDIA,Next Mediaworks Ltd.
Smartlink Network Systems Ltd.,SMARTLINK,Smartlink Network Systems Ltd.
Taj GVK Hotels & Resorts Ltd.,TAJGVK,Taj GVK Hotels & Resorts Ltd.
United Western Bank Ltd.,UNIWESTBNK,United Western Bank Ltd.
Pritish Nandy Communications Ltd.,PNC,Pritish Nandy Communications Ltd.
Onward Technologies Ltd.,ONWARDTEC,Onward Technologies Ltd.
Balmer Lawrie & Co. Ltd.,BALMLAWRIE,Balmer Lawrie & Co. Ltd.
Shanthi Gears Ltd.,SHANTIGEAR,Shanthi Gears Ltd.
West Coast Paper Mills Ltd.,WSTCSTPAPR,West Coast Paper Mills Ltd.
NELCO Ltd.,NELCO,NELCO Ltd.
AXIS IT&T Ltd.,AXISCADES,AXIS IT&T Ltd.
Agro Dutch Industries Ltd.,AGRODUTCH,Agro Dutch Industries Ltd.
Andhra Sugars Ltd.,ANDHRSUGAR,Andhra Sugars Ltd.
BSL Ltd.,BSL,BSL Ltd.
Bharat Hotels Ltd. - Delisted,BHARATHOT,Bharat Hotels Ltd. - Delisted
Compudyne Winfosystems Ltd.,COMPUDYNE,Compudyne Winfosystems Ltd.
Elder Pharmaceuticals Ltd.,ELDERPHARM,Elder Pharmaceuticals Ltd.
First Leasing Co. of India Ltd.,FIRSTLEASE,First Leasing Co. of India Ltd.
Heritage Foods Ltd.,HERITGFOOD,Heritage Foods Ltd.
India Nippon Electricals Ltd.,INDNIPPON,India Nippon Electricals Ltd.
KDL Biotech Ltd.,KOPDRUGS,KDL Biotech Ltd.
MRO-TEK Ltd.,MRO-TEK,MRO-TEK Ltd.
Madras Fertilizers Ltd.,MADRASFERT,Madras Fertilizers Ltd.
Manali Petrochemicals Ltd.,MANALIPETC,Manali Petrochemicals Ltd.
Melstar Information Technologies Ltd.,MELSTAR,Melstar Information Technologies Ltd.
NRB Bearings Ltd.,NRBBEARING,NRB Bearings Ltd.
PSL Ltd.,PSL,PSL Ltd.
Panasonic AVC Networks India Co. Ltd.,PAVCI,Panasonic AVC Networks India Co. Ltd.
Pricol Ltd.,PRICOLLTD,Pricol Ltd.
S.B.& T. International Ltd.,SB&TINTL,S.B.& T. International Ltd.
Shirpur Gold Refinery Ltd.,SHIRPUR-G,Shirpur Gold Refinery Ltd.
Siltap Chemicals Ltd.- Merged,SILTAPCHEM,Siltap Chemicals Ltd.- Merged
Sirpur Paper Mills Ltd.,SIRPAPER,Sirpur Paper Mills Ltd.
Sundaram Brake Linings Ltd.,SUNDRMBRAK,Sundaram Brake Linings Ltd.
Surya Roshni Ltd.,SURYAROSNI,Surya Roshni Ltd.
Tamilnadu Telecommunications Ltd.,TNTELE,Tamilnadu Telecommunications Ltd.
Thirumalai Chemicals Ltd.,TIRUMALCHM,Thirumalai Chemicals Ltd.
Wellwin Industry Ltd.,WELLWININD,Wellwin Industry Ltd.
Wheels India Ltd.,WHEELS,Wheels India Ltd.
Zenith Computer Ltd.,ZENITHCOMP,Zenith Computer Ltd.
Zodiac Clothing Co. Ltd.,ZODIACLOTH,Zodiac Clothing Co. Ltd.
Kakatiya Cement Sugar & Industries Ltd.,KAKATCEM,Kakatiya Cement Sugar & Industries Ltd.
KCP Ltd.,KCP,KCP Ltd.
Patspin India Ltd.,PATSPINLTD,Patspin India Ltd.
MPS Ltd.,MPSLTD,MPS Ltd.
Fertilisers and Chemicals Travancore Ltd.,FACT,Fertilisers and Chemicals Travancore Ltd.
Hikal Ltd.,HIKAL,Hikal Ltd.
Central India Polyesters Ltd.,CIPL,Central India Polyesters Ltd.
Search Chem. Industries Ltd. - Sus,SEARCHEMIN,Search Chem. Industries Ltd. - Sus
Gujarat Ambuja Exports Ltd.,GAEL,Gujarat Ambuja Exports Ltd.
Todays Writing Instruments Ltd.,TODAYS,Todays Writing Instruments Ltd.
Regency Ceramics Ltd.,REGENCERAM,Regency Ceramics Ltd.
Visaka Industries Ltd.,VISAKAIND,Visaka Industries Ltd.
Omax Autos Ltd.,OMAXAUTO,Omax Autos Ltd.
State Trading Corporation of India Ltd.,STCINDIA,State Trading Corporation of India Ltd.
Indo Gulf Fertilisers Ltd.,IGFLFERT,Indo Gulf Fertilisers Ltd.
SML Isuzu Ltd.,SMLISUZU,SML Isuzu Ltd.
Indo Rama Synthetics Ltd.,INDORAMA,Indo Rama Synthetics Ltd.
Nava Bharat Ventures Ltd.,NBVENTURES,Nava Bharat Ventures Ltd.
Rane Engine Valves Ltd. -old,REVL,Rane Engine Valves Ltd. -old
Munjal Auto Industries Ltd.,MUNJALAU,Munjal Auto Industries Ltd.
Rane Brake Linings Ltd. -old,RBL,Rane Brake Linings Ltd. -old
Indraprastha Gas Ltd.,IGL,Indraprastha Gas Ltd.
LG Balakrishnan & Bros Ltd.,LGBBROSLTD,LG Balakrishnan & Bros Ltd.
Monnet Ispat and Energy Ltd.,MONNETISPA,Monnet Ispat and Energy Ltd.
NDTV Ltd.,NDTV,NDTV Ltd.
Shree Rama Newsprint Ltd.,RAMANEWS,Shree Rama Newsprint Ltd.
Suryalakshmi Cotton Mills Ltd.,SURYALAXMI,Suryalakshmi Cotton Mills Ltd.
TV Today Network Ltd.,TVTODAY,TV Today Network Ltd.
Jindal Stainless Ltd.,JSL,Jindal Stainless Ltd.
Bosch Chassis Systems India Ltd.,BOSCHCHASY,Bosch Chassis Systems India Ltd.
Shriram Investments Ltd.-Merged,SHRIRAMINV,Shriram Investments Ltd.-Merged
Tata Metaliks Ltd.,TATAMETALI,Tata Metaliks Ltd.
Fresenius Kabi Oncology Ltd.,FKONCO,Fresenius Kabi Oncology Ltd.
Aarti Industries Ltd.,AARTIIND,Aarti Industries Ltd.
Ind-Swift Laboratories Ltd.,INDSWFTLAB,Ind-Swift Laboratories Ltd.
Vishal Exports Overseas Ltd.,VISHALEXPO,Vishal Exports Overseas Ltd.
Patel Engineering Ltd.,PATELENG,Patel Engineering Ltd.
Bhansali Engineering Polymers Ltd.,BEPL,Bhansali Engineering Polymers Ltd.
Consolidated Finvest & Holdings Ltd.,CONSOFINVT,Consolidated Finvest & Holdings Ltd.
Dwarikesh Sugar Industrial Ltd.,DWARKESH,Dwarikesh Sugar Industrial Ltd.
HSIL Ltd.,HSIL,HSIL Ltd.
Narmada Chematur Petrochemicals Ltd.,NARMDCHEMA,Narmada Chematur Petrochemicals Ltd.
Gokaldas Exports Ltd.,GOKEX,Gokaldas Exports Ltd.
HSBC InvestDirect (India) Ltd.,HINVDIR,HSBC InvestDirect (India) Ltd.
Simplex Infrastructures Ltd.,SIMPLEXINF,Simplex Infrastructures Ltd.
B L Kashyap & Sons Ltd.,BLKASHYAP,B L Kashyap & Sons Ltd.
Ansal Properties & Infrastructure Ltd.,ANSALAPI,Ansal Properties & Infrastructure Ltd.
Inox Leisure Ltd.,INOXLEISUR,Inox Leisure Ltd.
D.S. Kulkarni Developers Ltd.,DSKULKARNI,D.S. Kulkarni Developers Ltd.
Shree Precoated Steels Ltd.,SHPRE,Shree Precoated Steels Ltd.
Unity Infraprojects Ltd.,UNITY,Unity Infraprojects Ltd.
Noida-Toll Bridge Co. Ltd.,NOIDATOLL,Noida-Toll Bridge Co. Ltd.
Jagran Prakashan Ltd.,JAGRAN,Jagran Prakashan Ltd.
Allcargo Logistics Ltd.,ALLCARGO,Allcargo Logistics Ltd.
Uttam Sugar Mills Ltd.,UTTAMSUGAR,Uttam Sugar Mills Ltd.
Geojit BNP Paribas Financial Services Ltd.,GEOJITFSL,Geojit BNP Paribas Financial Services Ltd.
Amtek India Ltd.,CASTEXTECH,Amtek India Ltd.
Entertainment Network India Ltd.,ENIL,Entertainment Network India Ltd.
Lakshmi Energy & Foods Ltd.,LAKSHMIEFL,Lakshmi Energy & Foods Ltd.
Provogue (India) Ltd.,PROVOGE,Provogue (India) Ltd.
Donear Industries Ltd.,DONEAR,Donear Industries Ltd.
Hubtown Ltd.,HUBTOWN,Hubtown Ltd.
Siti Cable Network Ltd.,SITINET,Siti Cable Network Ltd.
Pearl Global Industries Ltd.,PGIL,Pearl Global Industries Ltd.
Zee Media Corporation Ltd.,ZEEMEDIA,Zee Media Corporation Ltd.
Advanta Ltd.,ADVANTA,Advanta Ltd.
V2 Retail Ltd.,V2RETAIL,V2 Retail Ltd.
Puravankara Projects Ltd.,PURVA,Puravankara Projects Ltd.
Koutons Retail India Ltd.,KOUTONS,Koutons Retail India Ltd.
Jai Corp Ltd.,JAICORPLTD,Jai Corp Ltd.
Dynamatic Technologies Ltd.,DYNAMATECH,Dynamatic Technologies Ltd.
Motilal Oswal Financial Services Ltd.,MOTILALOFS,Motilal Oswal Financial Services Ltd.
Phoenix Mills Ltd.,PHOENIXLTD,Phoenix Mills Ltd.
Indiabulls Securities Ltd.,IBVENTURES,Indiabulls Securities Ltd.
GOL Offshore Ltd.,GTOFFSHORE,GOL Offshore Ltd.
Everest Kanto Cylinder Ltd.,EKC,Everest Kanto Cylinder Ltd.
Brigade Enterprises Ltd.,BRIGADE,Brigade Enterprises Ltd.
Banco Products (India) Ltd.,BANCOINDIA,Banco Products (India) Ltd.
Binani Cement Ltd.,BINANICEM,Binani Cement Ltd.
Gammon Infrastructure Projects Ltd.,GAMMNINFRA,Gammon Infrastructure Projects Ltd.
JSW Holdings Ltd.,JSWHL,JSW Holdings Ltd.
Tinplate Company of India Ltd.,TINPLATE,Tinplate Company of India Ltd.
Shree Ashtavinayak Cine Vision Ltd.,SHREEASHTA,Shree Ashtavinayak Cine Vision Ltd.
Bajaj Electricals Ltd,BAJAJELEC,Bajaj Electricals Ltd
ARSS Infrastructure Projects Ltd.,ARSSINFRA,ARSS Infrastructure Projects Ltd.
IL&FS Engineering and Construction Company Ltd.,IL&FSENGG,IL&FS Engineering and Construction Company Ltd.
Development Credit Bank Ltd,DCBBANK,Development Credit Bank Ltd
Indiabulls Power Ltd.,RTNPOWER,Indiabulls Power Ltd.
Network18 Media & Investments Ltd.,NETWORK18,Network18 Media & Investments Ltd.
Sujana Towers Ltd.-old,SUJANATOW,Sujana Towers Ltd.-old
J.Kumar Infraprojects Ltd.,JKIL,J.Kumar Infraprojects Ltd.
Arshiya International Ltd.,ARSHIYA,Arshiya International Ltd.
ICRA Ltd.,ICRA,ICRA Ltd.
ICSA (India) Ltd.,ICSA,ICSA (India) Ltd.
Kwality Ltd.,KWALITY,Kwality Ltd.
Lovable Lingerie Ltd.,LOVABLE,Lovable Lingerie Ltd.
Ramky Infra Ltd.,RAMKY,Ramky Infra Ltd.
TD Power Systems Ltd.,TDPOWERSYS,TD Power Systems Ltd.
Techno Elt & Eng Co. Ltd.,TECHNO,Techno Elt & Eng Co. Ltd.
Tree House Education & Accessories Ltd.,TREEHOUSE,Tree House Education & Accessories Ltd.
WABCO India Ltd.,WABCOINDIA,WABCO India Ltd.
Man Infraconstruction Ltd.,MANINFRA,Man Infraconstruction Ltd.
Autoline Industries Ltd.,AUTOIND,Autoline Industries Ltd.
Flexituff International Ltd.,FLEXITUFF,Flexituff International Ltd.
Innoventive Industries Ltd.,INNOIND,Innoventive Industries Ltd.
Mandhana Industries Ltd.,MANDHANA,Mandhana Industries Ltd.
Mangalore Chemicals & Fertilizers Ltd.,MANGCHEFER,Mangalore Chemicals & Fertilizers Ltd.
Prime Focus Ltd,PFOCUS,Prime Focus Ltd
Shri Lakshmi Cotsyn Ltd.,SHLAKSHMI,Shri Lakshmi Cotsyn Ltd.
Supreme Infrastructure India Ltd.,SUPREMEINF,Supreme Infrastructure India Ltd.
Vakrangee Software Ltd.,VAKRANGEE,Vakrangee Software Ltd.
Dr. Datsons Labs Ltd.,DRDATSONS,Dr. Datsons Labs Ltd.
Gabriel India Ltd.,GABRIEL,Gabriel India Ltd.
Indian Metals & Ferro Alloys Ltd.,IMFA,Indian Metals & Ferro Alloys Ltd.
Onelife Capital Advisors Ltd.,ONELIFECAP,Onelife Capital Advisors Ltd.
Tribhovandas Bhimji Zaveri Ltd.,TBZ,Tribhovandas Bhimji Zaveri Ltd.
D.B.Corp Ltd.,DBCORP,D.B.Corp Ltd.
20 Microns Ltd,20MICRONS,20 Microns Ltd
Infinite Computer Solutions (India) Ltd,INFINITE,Infinite Computer Solutions (India) Ltd
Ess Dee Aluminium Ltd.,ESSDEE,Ess Dee Aluminium Ltd.
Kewal Kiran Clothing Ltd.,KKCL,Kewal Kiran Clothing Ltd.
Kolte-Patil Developers Ltd.,KOLTEPATIL,Kolte-Patil Developers Ltd.
MT Educare Ltd.,MTEDUCARE,MT Educare Ltd.
Mahindra Holidays & Resorts India Ltd.,MHRIL,Mahindra Holidays & Resorts India Ltd.
Man Industries (India) Ltd.,MANINDS,Man Industries (India) Ltd.
Rasoya Proteins Ltd.,RASOYPR,Rasoya Proteins Ltd.
Raj Television Network Ltd.,RAJTV,Raj Television Network Ltd.
Jyothy Laboratories Ltd.,JYOTHYLAB,Jyothy Laboratories Ltd.
Bajaj Corp Ltd.,BAJAJCON,Bajaj Corp Ltd.
Vaibhav Global Ltd.,VAIBHAVGBL,Vaibhav Global Ltd.
Apar Industries Ltd.,APARINDS,Apar Industries Ltd.
Astral Poly Technik Ltd.,ASTRAL,Astral Poly Technik Ltd.
Nitin Fire Protection Industries Ltd.,NITINFIRE,Nitin Fire Protection Industries Ltd.
Ratnamani Metals & Tubes Ltd.,RATNAMANI,Ratnamani Metals & Tubes Ltd.
Tilaknagar Industries Ltd.,TI,Tilaknagar Industries Ltd.
La Opala RG Ltd.,LAOPALA,La Opala RG Ltd.
MBL Infrastructures Ltd.,MBLINFRA,MBL Infrastructures Ltd.
Gulf Oil Lubricants India Ltd.,GULFOILLUB,Gulf Oil Lubricants India Ltd.
KNR Constructions Ltd.,KNRCON,KNR Constructions Ltd.
K.P.R. Mill Ltd.,KPRMILL,K.P.R. Mill Ltd.
Mayur Uniquoters Ltd.,MAYURUNIQ,Mayur Uniquoters Ltd.
Pennar Industries Ltd.,PENIND,Pennar Industries Ltd.
Vinati Organics Ltd.,VINATIORGA,Vinati Organics Ltd.
Visagar Polytex Ltd.,VIVIDHA,Visagar Polytex Ltd.
Camlin Fine Sciences Ltd.,CAMLINFINE,Camlin Fine Sciences Ltd.
Metalyst Forgings Ltd.,METALFORGE,Metalyst Forgings Ltd.
Orient Cement Ltd.,ORIENTCEM,Orient Cement Ltd.
Srikalahasthi Pipes Ltd.,SRIPIPES,Srikalahasthi Pipes Ltd.
Symphony Ltd.,SYMPHONY,Symphony Ltd.
Adlabs Entertainment Ltd.,IMAGICAA,Adlabs Entertainment Ltd.
Arvind Ltd,ARVIND,Arvind Ltd
Gayatri Projects Ltd.,GAYAPROJ,Gayatri Projects Ltd.
Schneider Electric Infrastructure Ltd.,SCHNEIDER,Schneider Electric Infrastructure Ltd.
8K Miles Soft Services Ltd.,8KMILES,8K Miles Soft Services Ltd.
Aarti Drugs Ltd.,AARTIDRUGS,Aarti Drugs Ltd.
Ahluwalia Contracts (India) Ltd.,AHLUCONT,Ahluwalia Contracts (India) Ltd.
Ashiana Housing Ltd.,ASHIANA,Ashiana Housing Ltd.
Bliss GVS Pharma Ltd.,BLISSGVS,Bliss GVS Pharma Ltd.
Caplin Point Laboratories Ltd.,CAPLIPOINT,Caplin Point Laboratories Ltd.
CCL Products (I) Ltd.,CCL,CCL Products (I) Ltd.
Cera Sanitaryware Ltd,CERA,Cera Sanitaryware Ltd
Dhanuka Agritech Ltd.,DHANUKA,Dhanuka Agritech Ltd.
Global Offshore Services Ltd.,GLOBOFFS,Global Offshore Services Ltd.
Greenply Industries Ltd.,GREENPLY,Greenply Industries Ltd.
Gujarat Gas Ltd.,GUJGASLTD,Gujarat Gas Ltd.
Hindustan Media Vent Ltd.,HMVL,Hindustan Media Vent Ltd.
Hitachi Home & Life Solutions (India) Ltd.,JCHAC,Hitachi Home & Life Solutions (India) Ltd.
Igarashi Motors India Ltd.,IGARASHI,Igarashi Motors India Ltd.
Indoco Remedies Ltd.,INDOCO,Indoco Remedies Ltd.
International Paper APPM Ltd.,ANDPAPER,International Paper APPM Ltd.
JMT Auto Ltd.,JMTAUTOLTD,JMT Auto Ltd.
Kirloskar Oil Eng Ltd.,KIRLOSENG,Kirloskar Oil Eng Ltd.
Mahindra CIE Automotive Ltd.,MAHINDCIE,Mahindra CIE Automotive Ltd.
Minda Corporation Ltd.,MINDACORP,Minda Corporation Ltd.
Navkar Corporation Ltd.,NAVKARCORP,Navkar Corporation Ltd.
Ramkrishna Forgings Ltd.,RKFORGE,Ramkrishna Forgings Ltd.
Relaxo Footwears Ltd.,RELAXO,Relaxo Footwears Ltd.
Sadbhav Infrastructure Project Ltd.,SADBHIN,Sadbhav Infrastructure Project Ltd.
Sharda Cropchem Ltd.,SHARDACROP,Sharda Cropchem Ltd.
Shilpa Medicare Ltd.,SHILPAMED,Shilpa Medicare Ltd.
Snowman Logistics Ltd.,SNOWMAN,Snowman Logistics Ltd.
Solar Industries India Ltd.,SOLARINDS,Solar Industries India Ltd.
Somany Ceramics Ltd.,SOMANYCERA,Somany Ceramics Ltd.
Take Solutions Ltd.,TAKE,Take Solutions Ltd.
Texmaco Rail & Eng. Ltd.,TEXRAIL,Texmaco Rail & Eng. Ltd.
Tide Water Oil (India) Ltd.,TIDEWATER,Tide Water Oil (India) Ltd.
Transport Corporation of India Ltd.,TCI,Transport Corporation of India Ltd.
Triveni Turbine Ltd.,TRITURBINE,Triveni Turbine Ltd.
TVS Srichakra Ltd.,TVSSRICHAK,TVS Srichakra Ltd.
Wonderla Holidays Ltd.,WONDERLA,Wonderla Holidays Ltd.
Zee Learn Ltd.,ZEELEARN,Zee Learn Ltd.
APL Apollo Tubes Ltd.,APLAPOLLO,APL Apollo Tubes Ltd.
Castex Technologies Ltd.,CASTEXTECH,Castex Technologies Ltd.
Coffee Day Enterprises Ltd.,COFFEEDAY,Coffee Day Enterprises Ltd.
INEOS Styrolution India Ltd.,INEOSSTYRO,INEOS Styrolution India Ltd.
Narayana Hrudayalaya Ltd.,NH,Narayana Hrudayalaya Ltd.
Navin Fluorine International Ltd.,NAVINFLUOR,Navin Fluorine International Ltd.
OCL India Ltd.,OCL,OCL India Ltd.
Sequent Scientific Ltd.,SEQUENT,Sequent Scientific Ltd.
Star Ferro & Cement Ltd.,SFCL,Star Ferro & Cement Ltd.
State Bank of Mysore,MYSOREBANK,State Bank of Mysore
Suprajit Engineering Ltd.,SUPRAJIT,Suprajit Engineering Ltd.
Siti Networks Ltd.,SITINET,Siti Networks Ltd.
Parag Milk Foods Ltd.,PARAGMILK,Parag Milk Foods Ltd.
Shilpi Cable Tech Ltd.,SHILPI,Shilpi Cable Tech Ltd.
Thyrocare Technologies Ltd.,THYROCARE,Thyrocare Technologies Ltd.
IIFL Holdings Ltd.,IIFL,IIFL Holdings Ltd.
Sheela Foam Ltd.,SFL,Sheela Foam Ltd.
Jindal Stainless (Hisar) Ltd.,JSLHISAR,Jindal Stainless (Hisar) Ltd.
United Bank of India,UNITEDBNK,United Bank of India
Star Cement Ltd.,STARCEMENT,Star Cement Ltd.
Hatsun Agro Product Ltd.,HATSUN,Hatsun Agro Product Ltd.
TI Financial Holdings Ltd.,CHOLAHLDNG,TI Financial Holdings Ltd.
Eris Lifesciences Ltd.,ERIS,Eris Lifesciences Ltd.
Central Depository Services (India) Ltd.,CDSL,Central Depository Services (India) Ltd.
Dishman Carbogen Amcis Ltd.,DCAL,Dishman Carbogen Amcis Ltd.
Dixon Technologies (India) Ltd.,DIXON,Dixon Technologies (India) Ltd.
Indian Energy Exchange Ltd.,IEX,Indian Energy Exchange Ltd.
MAS Financial Services Ltd.,MASFIN,MAS Financial Services Ltd.
NESCO Ltd.,NESCO,NESCO Ltd.
Reliance Home Finance Ltd.,RHFL,Reliance Home Finance Ltd.
Security and Intelligence Services (India) Ltd.,SIS,Security and Intelligence Services (India) Ltd.
KIOCL Ltd.,KIOCL,KIOCL Ltd.
Bharat Dynamics Ltd.,BDL,Bharat Dynamics Ltd.
Excel Crop Care Ltd.,EXCELCROP,Excel Crop Care Ltd.
Hindustan Aeronautics Ltd.,HAL,Hindustan Aeronautics Ltd.
ICICI Securities Ltd.,ISEC,ICICI Securities Ltd.
Mahindra Logistics Ltd.,MAHLOG,Mahindra Logistics Ltd.
Teamlease Services Ltd.,TEAMLEASE,Teamlease Services Ltd.
V-Mart Retail Ltd.,VMART,V-Mart Retail Ltd.
Adani Green Energy Ltd.,ADANIGREEN,Adani Green Energy Ltd.
Johnson Controls - Hitachi Air Conditioning India Ltd.,JCHAC,Johnson Controls - Hitachi Air Conditioning India Ltd.
Aavas Financiers Ltd.,AAVAS,Aavas Financiers Ltd.
Bank of Maharashtra.,MAHABANK,Bank of Maharashtra.
Fine Organic Industries Ltd.,FINEORG,Fine Organic Industries Ltd.
Indiabulls Integrated Services Ltd.,IBULISL,Indiabulls Integrated Services Ltd.
IndoStar Capital Finance Ltd.,INDOSTAR,IndoStar Capital Finance Ltd.
Jamna Auto Industries Ltd.,JAMNAAUTO,Jamna Auto Industries Ltd.
JK Paper Ltd.,JKPAPER,JK Paper Ltd.
Orient Electric Ltd.,ORIENTELEC,Orient Electric Ltd.
TCNS Clothing Co. Ltd.,TCNSBRANDS,TCNS Clothing Co. Ltd.
Adani Gas Ltd.,ADANIGAS,Adani Gas Ltd.
Amber Enterprises India Ltd.,AMBER,Amber Enterprises India Ltd.
Birlasoft Ltd.,BSOFT,Birlasoft Ltd.
Capri Global Capital Ltd.,CGCL,Capri Global Capital Ltd.
Garware Technical Fibres Ltd.,GARFIBRES,Garware Technical Fibres Ltd.
IIFL Finance Ltd.,IIFL,IIFL Finance Ltd.
Orient Refractories Ltd.,ORIENTREF,Orient Refractories Ltd.
TCI Express Ltd.,TCIEXP,TCI Express Ltd.
Techno Electric & Engineering Company Ltd.,TECHNO,Techno Electric & Engineering Company Ltd.
Affle (India) Ltd.,AFFLE,Affle (India) Ltd.
Mishra Dhatu Nigam Ltd.,MIDHANI,Mishra Dhatu Nigam Ltd.
Responsive Industries Ltd.,RESPONIND,Responsive Industries Ltd.
Kennametal India Ltd.,KENNAMET,Kennametal India Ltd.
Tasty Bite Eatables Ltd.,TASTYBITE,Tasty Bite Eatables Ltd.
Westlife Development Ltd.,WESTLIFE,Westlife Development Ltd.
Tata Steel BSL Ltd.,TATASTLBSL,Tata Steel BSL Ltd.
Sterling And Wilson Solar Ltd.,SWSOLAR,Sterling And Wilson Solar Ltd.
Alstom Projects India Ltd.,GEPIL,Alstom Projects India Ltd.
Nagarjuna Construction Co. Ltd.,NCC,Nagarjuna Construction Co. Ltd.
Edelweiss Capital Ltd.,EDELWEISS,Edelweiss Capital Ltd.
Sterling Biotech Limited,STERLINBIO,Sterling Biotech Limited
Bharat Forge Limited,BHARATFORG,Bharat Forge Limited
Infibeam Avenues Ltd.,INFIBEAM,Infibeam Avenues Ltd.
63 Moons Technologies Ltd.,63MOONS,63 Moons Technologies Ltd.
Tube Investments of India Ltd.-Old,TUBEINVEST,Tube Investments of India Ltd.-Old
Puravankara Ltd.,PURVA,Puravankara Ltd.
Orchid Pharma Ltd.,ORCHIDPHAR,Orchid Pharma Ltd.
Castrol (India) Ltd.-Old,CASTROL,Castrol (India) Ltd.-Old
GE T&D India Ltd.,GET&D,GE T&D India Ltd.
Spice Communications Ltd,SPICETELE,Spice Communications Ltd
REI Six Ten Retail Ltd.,REISIXTEN,REI Six Ten Retail Ltd.
Future Enterprises Ltd.,FEL,Future Enterprises Ltd.
Schaeffler India Ltd.,SCHAEFFLER,Schaeffler India Ltd.
Apollo Hospitals Enterprise Ltd.,APOLLOHOSP,Apollo Hospitals Enterprise Ltd.
Vodafone Idea Ltd.,IDEA,Vodafone Idea Ltd.
Procter & Gamble Health Ltd.,PGHL,Procter & Gamble Health Ltd.
Subex Ltd.,SUBEX,Subex Ltd.
Navneet Publications (India) Ltd.,NAVNETEDUL,Navneet Publications (India) Ltd.
KSS Ltd.,KSERASERA,KSS Ltd.
UFO Moviez India Ltd.,UFO,UFO Moviez India Ltd.
Music Broadcast Ltd.,RADIOCITY,Music Broadcast Ltd.
Jump Networks Ltd.,JUMPNET,Jump Networks Ltd.
JSW ISPAT Steel Limited,JSWISPAT,JSW ISPAT Steel Limited
National Aluminium Company Limited,NATIONALUM,National Aluminium Company Limited
Agrevo India Ltd.(old),AGREVOIND,Agrevo India Ltd.(old)
Nalco Chemicals India Ltd. - Sus,NALCOCHEM,Nalco Chemicals India Ltd. - Sus
KRONE Communications Ltd.,KRONECOMM,KRONE Communications Ltd.
BOC India Ltd.,LINDEINDIA,BOC India Ltd.
Nippo Batteries Co. Ltd.,NIPPOBATRY,Nippo Batteries Co. Ltd.
Punjab & Sind Bank,PSB,Punjab & Sind Bank
HDFC Life Insurance Company Ltd.,HDFCLIFE,HDFC Life Insurance Company Ltd.
REC Ltd.,RECLTD,REC Ltd.
NLC India Ltd.,NLCINDIA,NLC India Ltd.
ITC Ltd.,ITC,ITC Ltd.
CSB Bank Ltd.,CSBBANK,CSB Bank Ltd.
Indian Railway Catering And Tourism Corporation Ltd.,IRCTC,Indian Railway Catering And Tourism Corporation Ltd.
Ujjivan Small Finance Bank Ltd.,UJJIVANSFB,Ujjivan Small Finance Bank Ltd.
GMM Pfaudler Ltd.,GMMPFAUDLR,GMM Pfaudler Ltd.
Sumitomo Chemical India Ltd.,SUMICHEM,Sumitomo Chemical India Ltd.
Bank Of India,BANKINDIA,Bank Of India
IIFL Wealth Management Ltd.,IIFLWAM,IIFL Wealth Management Ltd.
Tata Consumer Products Ltd.,TATACONSUM,Tata Consumer Products Ltd.
Garden Reach Shipbuilders & Engineers Ltd.,GRSE,Garden Reach Shipbuilders & Engineers Ltd.
Alkyl Amines Chemicals Ltd.,ALKYLAMINE,Alkyl Amines Chemicals Ltd.
Bharat Rasayan Ltd.,BHARATRAS,Bharat Rasayan Ltd.
Poly Medicure Ltd.,POLYMED,Poly Medicure Ltd.
KSB Ltd.,KSB,KSB Ltd.
IDFC First Bank Ltd.,IDFCFIRSTB,IDFC First Bank Ltd.
Nippon Life India Asset Management Ltd.,NAM-INDIA,Nippon Life India Asset Management Ltd.
SBI Cards and Payment Services Ltd.,SBICARD,SBI Cards and Payment Services Ltd.
